id,shift_id,base_pay,drink_back,champagne_back,honshimei_back,douhan_back,transport_deduction,tax_deduction,total_pay,calculated_at
1,1,0,2400,0,0,0,0,0,2400,2026-03-31 18:00:42.769860
2,2,0,11200,4000,0,0,0,0,15200,2026-03-31 18:00:42.774919
3,3,0,5600,2000,0,0,0,0,7600,2026-03-31 18:00:42.779748
4,4,0,1200,0,0,0,0,0,1200,2026-03-31 18:00:42.782379
5,5,0,2000,0,0,0,0,0,2000,2026-03-31 18:00:42.782379
6,6,0,0,0,0,0,0,0,0,2026-03-31 18:00:42.782379
7,7,0,0,0,0,0,0,0,0,2026-03-31 18:00:42.795516
8,8,0,4000,0,0,0,0,0,4000,2026-03-31 18:00:42.795516
9,9,0,3800,1000,0,0,0,0,4800,2026-03-31 18:00:42.795516
10,10,0,1200,0,0,0,0,0,1200,2026-03-31 18:00:42.795516
11,11,0,2400,0,0,0,0,0,2400,2026-03-31 18:00:42.813058
12,12,0,0,0,0,0,0,0,0,2026-03-31 18:00:42.817997
13,13,0,0,0,0,0,0,0,0,2026-03-31 18:00:42.819796
14,14,0,4200,0,0,0,0,0,4200,2026-03-31 18:00:42.824618
15,15,0,0,0,0,0,0,0,0,2026-03-31 18:00:42.831341
16,16,0,0,0,0,0,0,0,0,2026-03-31 18:00:42.836609
17,17,0,4800,0,0,0,0,0,4800,2026-03-31 18:00:42.836609
18,18,0,3200,0,0,0,0,0,3200,2026-03-31 18:00:42.844699
19,19,0,3200,0,0,0,0,0,3200,2026-03-31 18:00:42.847539
20,20,0,0,0,0,0,0,0,0,2026-03-31 18:00:42.849324
21,21,0,2400,0,0,0,0,0,2400,2026-03-31 18:00:42.852913
22,22,0,4400,0,0,0,0,0,4400,2026-03-31 18:00:42.852913
23,23,0,2400,0,0,0,0,0,2400,2026-03-31 18:00:42.861008
24,24,0,700,0,0,0,0,0,700,2026-03-31 18:00:42.861008
25,25,0,700,0,0,0,0,0,700,2026-03-31 18:00:42.869150
26,26,0,0,0,0,0,0,0,0,2026-03-31 18:00:42.869150
27,27,0,0,0,0,0,0,0,0,2026-03-31 18:00:42.869150
28,28,0,5600,0,0,0,0,0,5600,2026-03-31 18:00:42.869150
29,29,0,2000,0,0,0,0,0,2000,2026-03-31 18:00:42.869150
30,30,0,2800,0,0,0,0,0,2800,2026-03-31 18:00:42.885091
31,31,0,4000,0,0,0,0,0,4000,2026-03-31 18:00:42.885091
32,32,0,0,0,0,0,0,0,0,2026-03-31 18:00:42.885091
33,33,0,1200,0,0,0,0,0,1200,2026-03-31 18:00:42.885091
34,34,0,6800,0,0,0,0,0,6800,2026-03-31 18:00:42.900994
35,35,0,9600,0,0,0,0,0,9600,2026-03-31 18:00:42.900994
36,36,0,0,0,0,0,0,0,0,2026-03-31 18:00:42.900994
37,37,0,5600,0,0,0,0,0,5600,2026-03-31 18:00:42.900994
38,38,0,4400,0,0,0,0,0,4400,2026-03-31 18:00:42.900994
39,39,0,0,0,0,0,0,0,0,2026-03-31 18:00:42.917114
40,40,0,0,0,0,0,0,0,0,2026-03-31 18:00:42.917114
41,41,0,800,0,0,0,0,0,800,2026-03-31 18:00:42.917114
42,42,0,1600,0,0,0,0,0,1600,2026-03-31 18:00:42.917114
43,43,0,0,0,0,0,0,0,0,2026-03-31 18:00:42.917114
44,44,0,0,0,0,0,0,0,0,2026-03-31 18:00:42.932851
45,45,0,1600,0,0,0,0,0,1600,2026-03-31 18:00:42.932851
46,46,0,2400,0,0,0,0,0,2400,2026-03-31 18:00:42.932851
47,47,0,1200,0,0,0,0,0,1200,2026-03-31 18:00:42.932851
48,48,0,0,0,0,0,0,0,0,2026-03-31 18:00:42.932851
49,49,0,0,0,0,0,0,0,0,2026-03-31 18:00:42.948621
50,50,0,0,0,0,0,0,0,0,2026-03-31 18:00:42.948621
51,51,0,6800,0,0,0,0,0,6800,2026-03-31 18:00:42.948621
52,52,0,3200,0,0,0,0,0,3200,2026-03-31 18:00:42.948621
53,53,0,2800,0,0,0,0,0,2800,2026-03-31 18:00:42.948621
54,54,0,6000,0,0,0,0,0,6000,2026-03-31 18:00:42.964524
55,55,0,1600,0,0,0,0,0,1600,2026-03-31 18:00:42.964524
56,56,0,0,0,0,0,0,0,0,2026-03-31 18:00:42.964524
57,57,0,2400,0,0,0,0,0,2400,2026-03-31 18:00:42.964524
58,58,0,0,0,0,0,0,0,0,2026-03-31 18:00:42.964524
59,59,0,2800,0,0,0,0,0,2800,2026-03-31 18:00:42.980463
60,60,0,1600,0,0,0,0,0,1600,2026-03-31 18:00:42.980463
61,61,0,800,0,0,0,0,0,800,2026-03-31 18:00:42.980463
62,62,0,2000,0,0,0,0,0,2000,2026-03-31 18:00:42.980463
63,63,0,0,0,0,0,0,0,0,2026-03-31 18:00:42.980463
64,64,0,2000,0,0,0,0,0,2000,2026-03-31 18:00:42.996188
65,65,0,400,0,0,0,0,0,400,2026-03-31 18:00:42.996188
66,66,0,0,0,0,0,0,0,0,2026-03-31 18:00:42.996188
67,67,0,1600,0,0,0,0,0,1600,2026-03-31 18:00:42.996188
68,68,0,1800,0,0,0,0,0,1800,2026-03-31 18:00:43.012146
69,69,0,0,0,0,0,0,0,0,2026-03-31 18:00:43.012146
70,70,0,2700,0,0,0,0,0,2700,2026-03-31 18:00:43.012146
71,71,0,7900,0,0,0,0,0,7900,2026-03-31 18:00:43.012146
72,72,0,3000,0,0,0,0,0,3000,2026-03-31 18:00:43.012146
73,73,0,7000,0,0,0,0,0,7000,2026-03-31 18:00:43.028347
74,74,0,1100,0,0,0,0,0,1100,2026-03-31 18:00:43.028347
75,75,0,1200,0,0,0,0,0,1200,2026-03-31 18:00:43.028347
76,76,0,0,0,0,0,0,0,0,2026-03-31 18:00:43.028347
77,77,0,0,0,0,0,0,0,0,2026-03-31 18:00:43.028347
78,78,0,6600,0,0,0,0,0,6600,2026-03-31 18:00:43.044148
79,79,0,0,0,0,0,0,0,0,2026-03-31 18:00:43.044148
80,80,0,4400,0,0,0,0,0,4400,2026-03-31 18:00:43.044148
81,81,0,9200,0,0,0,0,0,9200,2026-03-31 18:00:43.044148
82,82,0,5000,0,0,0,0,0,5000,2026-03-31 18:00:43.044148
83,83,0,2200,0,0,0,0,0,2200,2026-03-31 18:00:43.044148
84,84,0,1500,0,0,0,0,0,1500,2026-03-31 18:00:43.060091
85,85,0,6300,0,0,0,0,0,6300,2026-03-31 18:00:43.060091
86,86,0,3000,0,0,0,0,0,3000,2026-03-31 18:00:43.060091
87,87,0,2800,0,0,0,0,0,2800,2026-03-31 18:00:43.060091
88,88,0,3300,900,0,0,0,0,4200,2026-03-31 18:00:43.060091
89,89,0,800,0,0,0,0,0,800,2026-03-31 18:00:43.075869
90,90,0,4000,0,0,0,0,0,4000,2026-03-31 18:00:43.075869
91,91,0,0,0,0,0,0,0,0,2026-03-31 18:00:43.075869
92,92,0,4100,900,0,0,0,0,5000,2026-03-31 18:00:43.075869
93,93,0,0,0,0,0,0,0,0,2026-03-31 18:00:43.075869
94,94,0,4600,2200,0,0,0,0,6800,2026-03-31 18:00:43.091677
95,95,0,6100,800,0,0,0,0,6900,2026-03-31 18:00:43.091677
96,96,0,0,0,0,0,0,0,0,2026-03-31 18:00:43.091677
97,97,0,3000,2200,0,0,0,0,5200,2026-03-31 18:00:43.091677
98,98,0,5200,0,0,0,0,0,5200,2026-03-31 18:00:43.108130
99,99,0,0,0,0,0,0,0,0,2026-03-31 18:00:43.112570
100,100,0,0,0,0,0,0,0,0,2026-03-31 18:00:43.115391
101,101,0,0,0,0,0,0,0,0,2026-03-31 18:00:43.120399
102,102,0,2400,0,0,0,0,0,2400,2026-03-31 18:00:43.124005
103,103,0,800,0,0,0,0,0,800,2026-03-31 18:00:43.124653
104,104,0,1600,0,0,0,0,0,1600,2026-03-31 18:00:43.124653
105,105,0,0,0,0,0,0,0,0,2026-03-31 18:00:43.124653
106,106,0,0,0,0,0,0,0,0,2026-03-31 18:00:43.124653
107,107,0,800,0,0,0,0,0,800,2026-03-31 18:00:43.124653
108,108,0,2000,0,0,0,0,0,2000,2026-03-31 18:00:43.139252
109,109,0,0,0,0,0,0,0,0,2026-03-31 18:00:43.142367
110,110,0,0,0,0,0,0,0,0,2026-03-31 18:00:43.142367
111,111,0,1200,0,0,0,0,0,1200,2026-03-31 18:00:43.142367
112,112,0,400,0,0,0,0,0,400,2026-03-31 18:00:43.155005
113,113,0,3200,0,0,0,0,0,3200,2026-03-31 18:00:43.155005
114,114,0,2800,0,0,0,0,0,2800,2026-03-31 18:00:43.155005
115,115,0,5600,0,0,0,0,0,5600,2026-03-31 18:00:43.155005
116,116,0,3000,0,0,0,0,0,3000,2026-03-31 18:00:43.155005
117,117,0,0,0,0,0,0,0,0,2026-03-31 18:00:43.155005
118,118,0,400,0,0,0,0,0,400,2026-03-31 18:00:43.170737
119,119,0,2200,0,0,0,0,0,2200,2026-03-31 18:00:43.170737
120,120,0,2000,0,0,0,0,0,2000,2026-03-31 18:00:43.170737
121,121,0,3600,0,0,0,0,0,3600,2026-03-31 18:00:43.170737
122,122,0,0,0,0,0,0,0,0,2026-03-31 18:00:43.170737
123,123,0,7000,3000,0,0,0,0,10000,2026-03-31 18:00:43.186504
124,124,0,0,0,0,0,0,0,0,2026-03-31 18:00:43.186504
125,125,0,500,0,0,0,0,0,500,2026-03-31 18:00:43.192628
126,126,0,1000,0,0,0,0,0,1000,2026-03-31 18:00:43.192628
127,127,0,6500,1500,0,0,0,0,8000,2026-03-31 18:00:43.192628
128,128,0,5000,0,0,0,0,0,5000,2026-03-31 18:00:43.202232
129,129,0,4000,1500,0,0,0,0,5500,2026-03-31 18:00:43.202232
130,130,0,0,0,0,0,0,0,0,2026-03-31 18:00:43.202232
131,131,0,0,0,0,0,0,0,0,2026-03-31 18:00:43.202232
132,132,0,0,0,0,0,0,0,0,2026-03-31 18:00:43.202232
133,133,0,0,0,0,0,0,0,0,2026-03-31 18:00:43.218141
134,134,0,0,0,0,0,0,0,0,2026-03-31 18:00:43.218141
135,135,0,3300,0,0,0,0,0,3300,2026-03-31 18:00:43.218141
136,136,0,11100,500,0,0,0,0,11600,2026-03-31 18:00:43.218141
137,137,0,9500,6000,0,0,0,0,15500,2026-03-31 18:00:43.218141
138,138,0,6400,500,0,0,0,0,6900,2026-03-31 18:00:43.234222
139,139,0,6500,3000,0,0,0,0,9500,2026-03-31 18:00:43.234222
140,140,0,1900,0,0,0,0,0,1900,2026-03-31 18:00:43.242874
141,141,0,0,0,0,0,0,0,0,2026-03-31 18:00:43.242874
142,142,0,500,0,0,0,0,0,500,2026-03-31 18:00:43.242874
143,143,0,5900,0,0,0,0,0,5900,2026-03-31 18:00:43.250759
144,144,0,2000,0,0,0,0,0,2000,2026-03-31 18:00:43.250759
145,145,0,3000,0,0,0,0,0,3000,2026-03-31 18:00:43.250759
146,146,0,1000,0,0,0,0,0,1000,2026-03-31 18:00:43.250759
147,147,0,3400,0,0,0,0,0,3400,2026-03-31 18:00:43.250759
148,148,0,2000,0,0,0,0,0,2000,2026-03-31 18:00:43.265856
149,149,0,0,0,0,0,0,0,0,2026-03-31 18:00:43.265856
150,150,0,8000,3000,0,0,0,0,11000,2026-03-31 18:00:43.265856
151,151,0,7500,3000,0,0,0,0,10500,2026-03-31 18:00:43.265856
152,152,0,6000,0,0,0,0,0,6000,2026-03-31 18:00:43.265856
153,153,0,8000,3000,0,0,0,0,11000,2026-03-31 18:00:43.281629
154,154,0,1000,0,0,0,0,0,1000,2026-03-31 18:00:43.281629
155,155,0,1000,0,0,0,0,0,1000,2026-03-31 18:00:43.281629
156,156,0,0,0,0,0,0,0,0,2026-03-31 18:00:43.281629
157,157,0,4400,0,0,0,0,0,4400,2026-03-31 18:00:43.293348
158,158,0,3400,0,0,0,0,0,3400,2026-03-31 18:00:43.297478
159,159,0,2000,0,0,0,0,0,2000,2026-03-31 18:00:43.297478
160,160,0,1500,0,0,0,0,0,1500,2026-03-31 18:00:43.297478
161,161,0,0,0,0,0,0,0,0,2026-03-31 18:00:43.297478
162,162,0,4900,0,0,0,0,0,4900,2026-03-31 18:00:43.313299
163,163,0,4500,3000,0,0,0,0,7500,2026-03-31 18:00:43.313299
164,164,0,6000,0,0,0,0,0,6000,2026-03-31 18:00:43.313299
165,165,0,0,0,0,0,0,0,0,2026-03-31 18:00:43.313299
166,166,0,0,0,0,0,0,0,0,2026-03-31 18:00:43.313299
167,167,0,0,0,0,0,0,0,0,2026-03-31 18:00:43.329046
168,168,0,1000,0,0,0,0,0,1000,2026-03-31 18:00:43.329046
169,169,0,2000,0,0,0,0,0,2000,2026-03-31 18:00:43.329046
170,170,0,2500,0,0,0,0,0,2500,2026-03-31 18:00:43.329046
171,171,0,8400,2000,0,0,0,0,10400,2026-03-31 18:00:43.343856
172,172,0,6900,2000,0,0,0,0,8900,2026-03-31 18:00:43.347509
173,173,0,4000,0,0,0,0,0,4000,2026-03-31 18:00:43.348009
174,174,0,4500,0,0,0,0,0,4500,2026-03-31 18:00:43.353058
175,175,0,4500,2000,0,0,0,0,6500,2026-03-31 18:00:43.353058
176,176,0,11000,6000,0,0,0,0,17000,2026-03-31 18:00:43.353058
177,177,0,9400,0,0,0,0,0,9400,2026-03-31 18:00:43.361196
178,178,0,14600,8700,0,0,0,0,23300,2026-03-31 18:00:43.364064
179,179,0,4000,2500,0,0,0,0,6500,2026-03-31 18:00:43.364064
180,180,0,4000,0,0,0,0,0,4000,2026-03-31 18:00:43.369749
181,181,0,3000,0,0,0,0,0,3000,2026-03-31 18:00:43.369749
182,182,0,1200,0,0,0,0,0,1200,2026-03-31 18:48:32.614404
183,183,0,2000,0,0,0,0,0,2000,2026-03-31 18:48:32.621043
184,184,0,2400,0,0,0,0,0,2400,2026-03-31 18:48:32.621043
185,185,0,2000,0,0,0,0,0,2000,2026-03-31 18:48:32.621043
186,186,0,0,0,0,0,0,0,0,2026-03-31 18:48:32.637038
187,187,0,0,0,0,0,0,0,0,2026-03-31 18:48:32.638477
188,188,0,0,0,0,0,0,0,0,2026-03-31 18:48:32.638477
189,189,0,2000,0,0,0,0,0,2000,2026-03-31 18:48:32.638477
190,190,0,800,0,0,0,0,0,800,2026-03-31 18:48:32.652770
191,191,0,1200,0,0,0,0,0,1200,2026-03-31 18:48:32.659496
192,192,0,0,0,0,0,0,0,0,2026-03-31 18:48:32.661030
193,193,0,0,0,0,0,0,0,0,2026-03-31 18:48:32.661030
194,194,0,2400,0,0,0,0,0,2400,2026-03-31 18:48:32.668814
195,195,0,4800,0,0,0,0,0,4800,2026-03-31 18:48:32.668814
196,196,0,2400,0,0,0,0,0,2400,2026-03-31 18:48:32.668814
197,197,0,2000,0,0,0,0,0,2000,2026-03-31 18:48:32.668814
198,198,0,0,0,0,0,0,0,0,2026-03-31 18:48:32.668814
199,199,0,2400,0,0,0,0,0,2400,2026-03-31 18:48:32.684842
200,200,0,5000,0,0,0,0,0,5000,2026-03-31 18:48:32.684842
201,201,0,1600,0,0,0,0,0,1600,2026-03-31 18:48:32.684842
202,202,0,6600,0,0,0,0,0,6600,2026-03-31 18:48:32.684842
203,203,0,0,0,0,0,0,0,0,2026-03-31 18:48:32.700591
204,204,0,1200,0,0,0,0,0,1200,2026-03-31 18:48:32.705729
205,205,0,800,0,0,0,0,0,800,2026-03-31 18:48:32.705729
206,206,0,800,0,0,0,0,0,800,2026-03-31 18:48:32.705729
207,207,0,0,0,0,0,0,0,0,2026-03-31 18:48:32.705729
208,208,0,0,0,0,0,0,0,0,2026-03-31 18:48:32.716707
209,209,0,0,0,0,0,0,0,0,2026-03-31 18:48:32.716707
210,210,0,0,0,0,0,0,0,0,2026-03-31 18:48:32.716707
211,211,0,800,0,0,0,0,0,800,2026-03-31 18:48:32.716707
212,212,0,0,0,0,0,0,0,0,2026-03-31 18:48:32.732772
213,213,0,0,0,0,0,0,0,0,2026-03-31 18:48:32.732772
214,214,0,2000,0,0,0,0,0,2000,2026-03-31 18:48:32.732772
215,215,0,800,0,0,0,0,0,800,2026-03-31 18:48:32.732772
216,216,0,7000,0,0,0,0,0,7000,2026-03-31 18:48:32.732772
217,217,0,3600,0,0,0,0,0,3600,2026-03-31 18:48:32.748920
218,218,0,2400,0,0,0,0,0,2400,2026-03-31 18:48:32.748920
219,219,0,5600,0,0,0,0,0,5600,2026-03-31 18:48:32.748920
220,220,0,5600,0,0,0,0,0,5600,2026-03-31 18:48:32.748920
221,221,0,2800,0,0,0,0,0,2800,2026-03-31 18:48:32.748920
222,222,0,0,0,0,0,0,0,0,2026-03-31 18:48:32.764669
223,223,0,2900,0,0,0,0,0,2900,2026-03-31 18:48:32.764669
224,224,0,11700,2500,0,0,0,0,14200,2026-03-31 18:48:32.764669
225,225,0,1200,0,0,0,0,0,1200,2026-03-31 18:48:32.764669
226,226,0,5400,0,0,0,0,0,5400,2026-03-31 18:48:32.764669
227,227,0,6300,1500,0,0,0,0,7800,2026-03-31 18:48:32.780847
228,228,0,5200,2000,0,0,0,0,7200,2026-03-31 18:48:32.780847
229,229,0,2800,0,0,0,0,0,2800,2026-03-31 18:48:32.780847
230,230,0,5600,2000,0,0,0,0,7600,2026-03-31 18:48:32.780847
231,231,0,6400,0,0,0,0,0,6400,2026-03-31 18:48:32.796528
232,232,0,400,0,0,0,0,0,400,2026-03-31 18:48:32.796528
233,233,0,0,0,0,0,0,0,0,2026-03-31 18:48:32.796528
234,234,0,4400,0,0,0,0,0,4400,2026-03-31 18:48:32.796528
235,235,0,4000,0,0,0,0,0,4000,2026-03-31 18:48:32.796528
236,236,0,1200,0,0,0,0,0,1200,2026-03-31 18:48:32.812518
237,237,0,0,0,0,0,0,0,0,2026-03-31 18:48:32.812518
238,238,0,0,0,0,0,0,0,0,2026-03-31 18:48:32.812518
239,239,0,4000,0,0,0,0,0,4000,2026-03-31 18:48:32.823716
240,240,0,12500,0,0,0,0,0,12500,2026-03-31 18:48:32.823716
241,241,0,5200,0,0,0,0,0,5200,2026-03-31 18:48:32.829028
242,242,0,7300,0,0,0,0,0,7300,2026-03-31 18:48:32.829028
243,243,0,0,0,0,0,0,0,0,2026-03-31 18:48:32.829028
244,244,0,0,0,0,0,0,0,0,2026-03-31 18:48:32.829028
245,245,0,0,0,0,0,0,0,0,2026-03-31 18:48:32.829028
246,246,0,0,0,0,0,0,0,0,2026-03-31 18:48:32.844342
247,247,0,0,0,0,0,0,0,0,2026-03-31 18:48:32.844342
248,248,0,400,0,0,0,0,0,400,2026-03-31 18:48:32.844342
249,249,0,1600,0,0,0,0,0,1600,2026-03-31 18:48:32.860112
250,250,0,800,0,0,0,0,0,800,2026-03-31 18:48:32.860112
251,251,0,1200,0,0,0,0,0,1200,2026-03-31 18:48:32.864449
252,252,0,800,0,0,0,0,0,800,2026-03-31 18:48:32.864449
253,253,0,0,0,0,0,0,0,0,2026-03-31 18:48:32.864449
254,254,0,0,0,0,0,0,0,0,2026-03-31 18:48:32.876039
255,255,0,0,0,0,0,0,0,0,2026-03-31 18:48:32.876039
256,256,0,0,0,0,0,0,0,0,2026-03-31 18:48:32.876039
257,257,0,1600,0,0,0,0,0,1600,2026-03-31 18:48:32.876039
258,258,0,4400,0,0,0,0,0,4400,2026-03-31 18:48:32.876039
259,259,0,3200,0,0,0,0,0,3200,2026-03-31 18:48:32.876039
260,260,0,2200,0,0,0,0,0,2200,2026-03-31 18:48:32.891874
261,261,0,0,0,0,0,0,0,0,2026-03-31 18:48:32.891874
262,262,0,0,0,0,0,0,0,0,2026-03-31 18:48:32.891874
263,263,0,4400,0,0,0,0,0,4400,2026-03-31 18:48:32.891874
264,264,0,5600,0,0,0,0,0,5600,2026-03-31 18:48:32.907971
265,265,0,2000,0,0,0,0,0,2000,2026-03-31 18:48:32.907971
266,266,0,2800,0,0,0,0,0,2800,2026-03-31 18:48:32.914290
267,267,0,800,0,0,0,0,0,800,2026-03-31 18:48:32.914290
268,268,0,0,0,0,0,0,0,0,2026-03-31 18:48:32.924041
269,269,0,0,0,0,0,0,0,0,2026-03-31 18:48:32.924041
270,270,0,1200,0,0,0,0,0,1200,2026-03-31 18:48:32.924041
271,271,0,5600,0,0,0,0,0,5600,2026-03-31 18:48:32.924041
272,272,0,5600,0,0,0,0,0,5600,2026-03-31 18:48:32.939801
273,273,0,5600,0,0,0,0,0,5600,2026-03-31 18:48:32.939801
274,274,0,800,0,0,0,0,0,800,2026-03-31 18:48:32.939801
275,275,0,0,0,0,0,0,0,0,2026-03-31 18:48:32.939801
276,276,0,4400,0,0,0,0,0,4400,2026-03-31 18:48:32.957179
277,277,0,400,0,0,0,0,0,400,2026-03-31 18:48:32.957179
278,278,0,1600,0,0,0,0,0,1600,2026-03-31 18:48:32.957179
279,279,0,1600,0,0,0,0,0,1600,2026-03-31 18:48:32.964533
280,280,0,800,0,0,0,0,0,800,2026-03-31 18:48:32.964533
281,281,0,400,0,0,0,0,0,400,2026-03-31 18:48:32.973644
282,282,0,400,0,0,0,0,0,400,2026-03-31 18:48:32.973644
283,283,0,400,0,0,0,0,0,400,2026-03-31 18:48:32.973644
284,284,0,1400,0,0,0,0,0,1400,2026-03-31 18:48:32.973644
285,285,0,0,0,0,0,0,0,0,2026-03-31 18:48:32.973644
286,286,0,0,0,0,0,0,0,0,2026-03-31 18:48:32.987443
287,287,0,5600,0,0,0,0,0,5600,2026-03-31 18:48:32.987443
288,288,0,4100,0,0,0,0,0,4100,2026-03-31 18:48:32.987443
289,289,0,2000,0,0,0,0,0,2000,2026-03-31 18:48:32.997552
290,290,0,4400,0,0,0,0,0,4400,2026-03-31 18:48:32.997552
291,291,0,3200,0,0,0,0,0,3200,2026-03-31 18:48:33.006791
292,291,0,3000,0,0,0,0,0,3000,2026-03-31 18:48:33.006791
293,292,0,0,0,0,0,0,0,0,2026-03-31 18:48:33.006791
294,293,0,5600,0,0,0,0,0,5600,2026-03-31 18:48:33.006791
295,294,0,0,0,0,0,0,0,0,2026-03-31 18:48:33.020988
296,295,0,0,0,0,0,0,0,0,2026-03-31 18:48:33.020988
297,296,0,1600,0,0,0,0,0,1600,2026-03-31 18:48:33.020988
298,297,0,400,0,0,0,0,0,400,2026-03-31 18:48:33.020988
299,298,0,0,0,0,0,0,0,0,2026-03-31 18:48:33.035170
300,299,0,0,0,0,0,0,0,0,2026-03-31 18:48:33.035170
301,300,0,400,0,0,0,0,0,400,2026-03-31 18:48:33.035170
302,301,0,800,0,0,0,0,0,800,2026-03-31 18:48:33.035170
303,302,0,6400,3000,0,0,0,0,9400,2026-03-31 18:48:33.035170
304,303,0,0,0,0,0,0,0,0,2026-03-31 18:48:33.051203
305,304,0,0,0,0,0,0,0,0,2026-03-31 18:48:33.051203
306,305,0,1200,0,0,0,0,0,1200,2026-03-31 18:48:33.056991
307,306,0,400,0,0,0,0,0,400,2026-03-31 18:48:33.056991
308,307,0,0,0,0,0,0,0,0,2026-03-31 18:48:33.056991
309,308,0,400,0,0,0,0,0,400,2026-03-31 18:48:33.056991
310,309,0,0,0,0,0,0,0,0,2026-03-31 18:48:33.067317
311,310,0,0,0,0,0,0,0,0,2026-03-31 18:48:33.067317
312,311,0,800,0,0,0,0,0,800,2026-03-31 18:48:33.067317
313,312,0,2400,0,0,0,0,0,2400,2026-03-31 18:48:33.067317
314,313,0,400,0,0,0,0,0,400,2026-03-31 18:48:33.067317
315,314,0,1600,0,0,0,0,0,1600,2026-03-31 18:48:33.083416
316,315,0,4400,0,0,0,0,0,4400,2026-03-31 18:48:33.083416
317,316,0,1200,0,0,0,0,0,1200,2026-03-31 18:48:33.083416
318,317,0,0,0,0,0,0,0,0,2026-03-31 18:48:33.083416
319,318,0,0,0,0,0,0,0,0,2026-03-31 18:48:33.083416
320,319,0,1200,0,0,0,0,0,1200,2026-03-31 18:48:33.099550
321,320,0,1200,0,0,0,0,0,1200,2026-03-31 18:48:33.099550
322,321,0,1900,0,0,0,0,0,1900,2026-03-31 18:48:33.107246
323,322,0,0,0,0,0,0,0,0,2026-03-31 18:48:33.107246
324,323,0,0,0,0,0,0,0,0,2026-03-31 18:48:33.107246
325,324,0,3200,0,0,0,0,0,3200,2026-03-31 18:48:33.115740
326,325,0,400,0,0,0,0,0,400,2026-03-31 18:48:33.115740
327,326,0,4000,0,0,0,0,0,4000,2026-03-31 18:48:33.115740
328,327,0,0,0,0,0,0,0,0,2026-03-31 18:48:33.115740
329,328,0,400,0,0,0,0,0,400,2026-03-31 18:48:33.115740
330,329,0,400,0,0,0,0,0,400,2026-03-31 18:48:33.131590
331,330,0,0,0,0,0,0,0,0,2026-03-31 18:48:33.131590
332,331,0,1000,0,0,0,0,0,1000,2026-03-31 18:48:33.131590
333,332,0,0,0,0,0,0,0,0,2026-03-31 18:48:33.131590
334,333,0,0,0,0,0,0,0,0,2026-03-31 18:48:33.131590
335,334,0,3400,0,0,0,0,0,3400,2026-03-31 18:48:33.149395
336,335,0,1200,0,0,0,0,0,1200,2026-03-31 18:48:33.149395
337,336,0,1200,0,0,0,0,0,1200,2026-03-31 18:48:33.157469
338,337,0,1600,0,0,0,0,0,1600,2026-03-31 18:48:33.163512
339,338,0,1100,0,0,0,0,0,1100,2026-03-31 18:48:33.163512
340,339,0,0,0,0,0,0,0,0,2026-03-31 18:48:33.163512
341,340,0,0,0,0,0,0,0,0,2026-03-31 18:48:33.163512
342,341,0,0,0,0,0,0,0,0,2026-03-31 18:48:33.179276
343,342,0,0,0,0,0,0,0,0,2026-03-31 18:48:33.179276
344,343,0,2000,0,0,0,0,0,2000,2026-03-31 18:48:33.179276
345,344,0,0,0,0,0,0,0,0,2026-03-31 18:48:33.195279
346,345,0,5100,0,0,0,0,0,5100,2026-03-31 18:48:33.195279
347,346,0,2800,0,0,0,0,0,2800,2026-03-31 18:48:33.207726
348,347,0,1600,0,0,0,0,0,1600,2026-03-31 18:48:33.211373
349,348,0,0,0,0,0,0,0,0,2026-03-31 18:48:33.211373
350,349,0,1600,0,0,0,0,0,1600,2026-03-31 18:48:33.211373
351,350,0,1200,0,0,0,0,0,1200,2026-03-31 18:48:33.227459
352,351,0,3300,0,0,0,0,0,3300,2026-03-31 18:48:33.227459
353,352,0,4000,0,0,0,0,0,4000,2026-03-31 18:48:33.227459
354,353,0,0,0,0,0,0,0,0,2026-03-31 18:48:33.227459
355,354,0,0,0,0,0,0,0,0,2026-03-31 18:48:33.243201
356,355,0,800,0,0,0,0,0,800,2026-03-31 18:48:33.253592
357,356,0,800,0,0,0,0,0,800,2026-03-31 18:48:33.258183
358,357,0,6600,4800,0,0,0,0,11400,2026-03-31 18:48:33.259257
359,358,0,0,0,0,0,0,0,0,2026-03-31 18:48:33.259257
360,359,0,0,0,0,0,0,0,0,2026-03-31 18:48:33.259257
361,360,0,0,0,0,0,0,0,0,2026-03-31 18:48:33.275168
362,361,0,7300,4800,0,0,0,0,12100,2026-03-31 18:48:33.275168
363,362,0,0,0,0,0,0,0,0,2026-03-31 18:48:33.275168
364,363,0,2600,0,0,0,0,0,2600,2026-03-31 18:48:33.275168
365,364,0,2000,0,0,0,0,0,2000,2026-03-31 18:48:33.291137
366,365,0,2000,0,0,0,0,0,2000,2026-03-31 18:48:33.291137
367,366,0,2800,0,0,0,0,0,2800,2026-03-31 18:48:33.291137
368,367,0,800,0,0,0,0,0,800,2026-03-31 18:48:33.308709
369,368,0,2400,0,0,0,0,0,2400,2026-03-31 18:48:33.308709
370,369,0,800,0,0,0,0,0,800,2026-03-31 18:48:33.316263
371,370,0,0,0,0,0,0,0,0,2026-03-31 18:48:33.322848
372,371,0,0,0,0,0,0,0,0,2026-03-31 18:48:33.322848
373,372,0,0,0,0,0,0,0,0,2026-03-31 18:48:33.322848
374,373,0,0,0,0,0,0,0,0,2026-03-31 18:48:33.322848
375,374,0,5100,0,0,0,0,0,5100,2026-03-31 18:48:33.340789
376,375,0,7700,0,0,0,0,0,7700,2026-03-31 18:48:33.340789
377,376,0,6600,3000,0,0,0,0,9600,2026-03-31 18:48:33.340789
378,377,0,5800,0,0,0,0,0,5800,2026-03-31 18:48:33.354765
379,378,0,3000,0,0,0,0,0,3000,2026-03-31 18:48:33.359383
380,379,0,3000,0,0,0,0,0,3000,2026-03-31 18:48:33.359383
381,380,0,0,0,0,0,0,0,0,2026-03-31 18:48:33.370791
382,381,0,0,0,0,0,0,0,0,2026-03-31 18:48:33.377900
383,382,0,0,0,0,0,0,0,0,2026-03-31 18:48:33.377900
384,383,0,0,0,0,0,0,0,0,2026-03-31 18:48:33.386567
385,384,0,0,0,0,0,0,0,0,2026-03-31 18:48:33.386567
386,385,0,1200,0,0,0,0,0,1200,2026-03-31 19:10:32.221734
387,386,0,3600,0,0,0,0,0,3600,2026-03-31 19:10:32.223741
388,387,0,6400,0,0,0,0,0,6400,2026-03-31 19:10:32.225748
389,388,0,400,0,0,0,0,0,400,2026-03-31 19:10:32.227755
390,389,0,1600,0,0,0,0,0,1600,2026-03-31 19:10:32.229761
391,390,0,0,0,0,0,0,0,0,2026-03-31 19:10:32.231768
392,391,0,800,0,0,0,0,0,800,2026-03-31 19:10:32.233774
393,392,0,1200,0,0,0,0,0,1200,2026-03-31 19:10:32.235522
394,393,0,2800,0,0,0,0,0,2800,2026-03-31 19:10:32.237528
395,394,0,2800,0,0,0,0,0,2800,2026-03-31 19:10:32.239536
396,395,0,2100,0,0,0,0,0,2100,2026-03-31 19:10:32.241542
397,396,0,0,0,0,0,0,0,0,2026-03-31 19:10:32.243548
398,397,0,1200,0,0,0,0,0,1200,2026-03-31 19:10:32.245554
399,398,0,1200,0,0,0,0,0,1200,2026-03-31 19:10:32.247560
400,399,0,1600,0,0,0,0,0,1600,2026-03-31 19:10:32.249566
401,400,0,2000,0,0,0,0,0,2000,2026-03-31 19:10:32.249566
402,401,0,2000,0,0,0,0,0,2000,2026-03-31 19:10:32.253321
403,402,0,800,0,0,0,0,0,800,2026-03-31 19:10:32.253321
404,403,0,2800,0,0,0,0,0,2800,2026-03-31 19:10:32.255327
405,404,0,0,0,0,0,0,0,0,2026-03-31 19:10:32.257334
406,405,0,0,0,0,0,0,0,0,2026-03-31 19:10:32.259340
407,406,0,0,0,0,0,0,0,0,2026-03-31 19:10:32.259340
408,407,0,0,0,0,0,0,0,0,2026-03-31 19:10:32.261346
409,408,0,2400,0,0,0,0,0,2400,2026-03-31 19:10:32.263352
410,409,0,4000,0,0,0,0,0,4000,2026-03-31 19:10:32.265358
411,410,0,7600,0,0,0,0,0,7600,2026-03-31 19:10:32.267106
412,411,0,7300,0,0,0,0,0,7300,2026-03-31 19:10:32.269114
413,412,0,4400,0,0,0,0,0,4400,2026-03-31 19:10:32.271120
414,413,0,0,0,0,0,0,0,0,2026-03-31 19:10:32.273127
415,414,0,3300,0,0,0,0,0,3300,2026-03-31 19:10:32.273127
416,415,0,800,0,0,0,0,0,800,2026-03-31 19:10:32.275133
417,416,0,400,0,0,0,0,0,400,2026-03-31 19:10:32.277139
418,417,0,1200,0,0,0,0,0,1200,2026-03-31 19:10:32.277139
419,418,0,800,0,0,0,0,0,800,2026-03-31 19:10:32.279145
420,419,0,0,0,0,0,0,0,0,2026-03-31 19:10:32.281152
421,420,0,1200,0,0,0,0,0,1200,2026-03-31 19:10:32.284067
422,421,0,2800,0,0,0,0,0,2800,2026-03-31 19:10:32.284067
423,422,0,2600,0,0,0,0,0,2600,2026-03-31 19:10:32.286073
424,423,0,2000,0,0,0,0,0,2000,2026-03-31 19:10:32.288079
425,424,0,0,0,0,0,0,0,0,2026-03-31 19:10:32.288079
426,425,0,1200,0,0,0,0,0,1200,2026-03-31 19:10:32.292091
427,426,0,1200,0,0,0,0,0,1200,2026-03-31 19:10:32.292091
428,427,0,2200,0,0,0,0,0,2200,2026-03-31 19:10:32.294097
429,428,0,800,0,0,0,0,0,800,2026-03-31 19:10:32.296103
430,429,0,0,0,0,0,0,0,0,2026-03-31 19:10:32.296103
431,430,0,0,0,0,0,0,0,0,2026-03-31 19:10:32.298110
432,431,0,0,0,0,0,0,0,0,2026-03-31 19:10:32.302123
433,432,0,3200,0,0,0,0,0,3200,2026-03-31 19:10:32.302123
434,433,0,1200,0,0,0,0,0,1200,2026-03-31 19:10:32.304129
435,434,0,2800,0,0,0,0,0,2800,2026-03-31 19:10:32.306135
436,435,0,5400,0,0,0,0,0,5400,2026-03-31 19:10:32.308141
437,436,0,3400,0,0,0,0,0,3400,2026-03-31 19:10:32.310148
438,437,0,0,0,0,0,0,0,0,2026-03-31 19:10:32.310148
439,438,0,0,0,0,0,0,0,0,2026-03-31 19:10:32.312154
440,439,0,0,0,0,0,0,0,0,2026-03-31 19:10:32.313902
441,440,0,0,0,0,0,0,0,0,2026-03-31 19:10:32.315908
442,441,0,400,0,0,0,0,0,400,2026-03-31 19:10:32.315908
443,442,0,400,0,0,0,0,0,400,2026-03-31 19:10:32.315908
444,443,0,0,0,0,0,0,0,0,2026-03-31 19:10:32.315908
445,444,0,3200,200,0,0,0,0,3400,2026-03-31 19:10:32.315908
446,445,0,1000,600,0,0,0,0,1600,2026-03-31 19:10:32.315908
447,446,0,4000,500,0,0,0,0,4500,2026-03-31 19:10:32.315908
448,447,0,0,0,0,0,0,0,0,2026-03-31 19:10:32.329618
449,448,0,0,0,0,0,0,0,0,2026-03-31 19:10:32.329618
450,449,0,400,0,0,0,0,0,400,2026-03-31 19:10:32.335170
451,450,0,800,0,0,0,0,0,800,2026-03-31 19:10:32.335170
452,451,0,0,0,0,0,0,0,0,2026-03-31 19:10:32.335170
453,452,0,0,0,0,0,0,0,0,2026-03-31 19:10:32.335170
454,453,0,0,0,0,0,0,0,0,2026-03-31 19:10:32.335170
455,454,0,800,0,0,0,0,0,800,2026-03-31 19:10:32.345739
456,455,0,1600,0,0,0,0,0,1600,2026-03-31 19:10:32.345739
457,456,0,0,0,0,0,0,0,0,2026-03-31 19:10:32.345739
458,457,0,0,0,0,0,0,0,0,2026-03-31 19:10:32.345739
459,458,0,3400,0,0,0,0,0,3400,2026-03-31 19:10:32.345739
460,459,0,3000,0,0,0,0,0,3000,2026-03-31 19:10:32.345739
461,460,0,400,0,0,0,0,0,400,2026-03-31 19:10:32.361901
462,461,0,400,0,0,0,0,0,400,2026-03-31 19:10:32.361901
463,462,0,1300,0,0,0,0,0,1300,2026-03-31 19:10:32.361901
464,463,0,0,0,0,0,0,0,0,2026-03-31 19:10:32.361901
465,464,0,2500,0,0,0,0,0,2500,2026-03-31 19:10:32.361901
466,465,0,0,0,0,0,0,0,0,2026-03-31 19:10:32.378050
467,466,0,6000,4000,0,0,0,0,10000,2026-03-31 19:10:32.380106
468,467,0,6400,4000,0,0,0,0,10400,2026-03-31 19:10:32.380106
469,468,0,3200,0,0,0,0,0,3200,2026-03-31 19:10:32.380106
470,469,0,0,0,0,0,0,0,0,2026-03-31 19:10:32.380106
471,470,0,0,0,0,0,0,0,0,2026-03-31 19:10:32.380106
472,471,0,0,0,0,0,0,0,0,2026-03-31 19:10:32.393808
473,472,0,0,0,0,0,0,0,0,2026-03-31 19:10:32.393808
474,473,0,3000,0,0,0,0,0,3000,2026-03-31 19:10:32.393808
475,474,0,3200,0,0,0,0,0,3200,2026-03-31 19:10:32.402712
476,475,0,2200,0,0,0,0,0,2200,2026-03-31 19:10:32.402712
477,476,0,0,0,0,0,0,0,0,2026-03-31 19:10:32.409168
478,477,0,0,0,0,0,0,0,0,2026-03-31 19:10:32.411177
479,478,0,0,0,0,0,0,0,0,2026-03-31 19:10:32.411177
480,479,0,0,0,0,0,0,0,0,2026-03-31 19:10:32.411177
481,480,0,3600,0,0,0,0,0,3600,2026-03-31 19:10:32.419662
482,481,0,4800,0,0,0,0,0,4800,2026-03-31 19:10:32.419662
483,482,0,4000,0,0,0,0,0,4000,2026-03-31 19:10:32.419662
484,483,0,3200,0,0,0,0,0,3200,2026-03-31 19:10:32.425254
485,484,0,2400,0,0,0,0,0,2400,2026-03-31 19:10:32.425254
486,485,0,0,0,0,0,0,0,0,2026-03-31 19:10:32.425254
487,486,0,0,0,0,0,0,0,0,2026-03-31 19:10:32.430341
488,487,0,0,0,0,0,0,0,0,2026-03-31 19:10:32.434359
489,488,0,0,0,0,0,0,0,0,2026-03-31 19:10:32.436366
490,489,0,300,0,0,0,0,0,300,2026-03-31 19:10:32.436366
491,490,0,300,0,0,0,0,0,300,2026-03-31 19:10:32.438765
492,491,0,300,0,0,0,0,0,300,2026-03-31 19:10:32.441377
493,492,0,1200,0,0,0,0,0,1200,2026-03-31 19:10:32.442422
494,493,0,3300,0,0,0,0,0,3300,2026-03-31 19:10:32.442422
495,494,0,600,0,0,0,0,0,600,2026-03-31 19:10:32.442422
496,495,0,1100,0,0,0,0,0,1100,2026-03-31 19:10:32.442422
497,496,0,0,0,0,0,0,0,0,2026-03-31 19:10:32.442422
498,497,0,0,0,0,0,0,0,0,2026-03-31 19:10:32.450082
499,498,0,4000,0,0,0,0,0,4000,2026-03-31 19:10:32.450082
500,499,0,2400,0,0,0,0,0,2400,2026-03-31 19:10:32.450082
501,500,0,4500,0,0,0,0,0,4500,2026-03-31 19:10:32.450082
502,501,0,1200,0,0,0,0,0,1200,2026-03-31 19:10:32.450082
503,502,0,0,0,0,0,0,0,0,2026-03-31 19:10:32.457331
504,503,0,0,0,0,0,0,0,0,2026-03-31 19:10:32.457331
505,504,0,0,0,0,0,0,0,0,2026-03-31 19:10:32.457331
506,505,0,800,0,0,0,0,0,800,2026-03-31 19:10:32.457331
507,506,0,2200,0,0,0,0,0,2200,2026-03-31 19:10:32.457331
508,507,0,800,0,0,0,0,0,800,2026-03-31 19:10:32.457331
509,508,0,2000,0,0,0,0,0,2000,2026-03-31 19:10:32.457331
510,509,0,0,0,0,0,0,0,0,2026-03-31 19:10:32.457331
511,510,0,0,0,0,0,0,0,0,2026-03-31 19:10:32.457331
512,511,0,2700,0,0,0,0,0,2700,2026-03-31 19:10:32.457331
513,512,0,6900,1800,0,0,0,0,8700,2026-03-31 19:10:32.473046
514,513,0,8300,4000,0,0,0,0,12300,2026-03-31 19:10:32.473046
515,514,0,6500,0,0,0,0,0,6500,2026-03-31 19:10:32.473046
516,515,0,6200,0,0,0,0,0,6200,2026-03-31 19:10:32.473046
517,516,0,2000,0,0,0,0,0,2000,2026-03-31 19:10:32.473046
518,517,0,5000,500,0,0,0,0,5500,2026-03-31 19:10:32.473046
519,518,0,7000,0,0,0,0,0,7000,2026-03-31 19:10:32.473046
520,519,0,0,0,0,0,0,0,0,2026-03-31 19:10:32.473046
521,520,0,0,0,0,0,0,0,0,2026-03-31 19:10:32.485273
522,521,0,3500,0,0,0,0,0,3500,2026-03-31 19:10:32.485273
523,522,0,1000,0,0,0,0,0,1000,2026-03-31 19:10:32.488851
524,523,0,3400,0,0,0,0,0,3400,2026-03-31 19:10:32.488851
525,524,0,2500,0,0,0,0,0,2500,2026-03-31 19:10:32.488851
526,525,0,2500,0,0,0,0,0,2500,2026-03-31 19:10:32.488851
527,526,0,800,0,0,0,0,0,800,2026-03-31 19:10:32.488851
528,527,0,0,0,0,0,0,0,0,2026-03-31 19:10:32.496358
529,528,0,1000,0,0,0,0,0,1000,2026-03-31 19:10:32.496358
530,529,0,1000,0,0,0,0,0,1000,2026-03-31 19:10:32.500273
531,530,0,0,0,0,0,0,0,0,2026-03-31 19:10:32.502422
532,531,0,1000,0,0,0,0,0,1000,2026-03-31 19:10:32.504501
533,532,0,1000,0,0,0,0,0,1000,2026-03-31 19:10:32.504501
534,533,0,0,0,0,0,0,0,0,2026-03-31 19:10:32.504501
535,534,0,0,0,0,0,0,0,0,2026-03-31 19:10:32.504501
536,535,0,5300,0,0,0,0,0,5300,2026-03-31 19:10:32.504501
537,536,0,6800,2800,0,0,0,0,9600,2026-03-31 19:10:32.504501
538,537,0,1600,0,0,0,0,0,1600,2026-03-31 19:10:32.504501
539,538,0,4500,0,0,0,0,0,4500,2026-03-31 19:10:32.504501
540,539,0,1500,0,0,0,0,0,1500,2026-03-31 19:10:32.504501
541,540,0,0,0,0,0,0,0,0,2026-03-31 19:10:32.504501
542,541,0,0,0,0,0,0,0,0,2026-03-31 19:10:32.519827
543,542,0,1500,0,0,0,0,0,1500,2026-03-31 19:10:32.522398
544,543,0,6500,0,0,0,0,0,6500,2026-03-31 19:10:32.522398
545,544,0,10500,0,0,0,0,0,10500,2026-03-31 19:10:32.522398
546,545,0,0,0,0,0,0,0,0,2026-03-31 19:10:32.522398
547,546,0,0,0,0,0,0,0,0,2026-03-31 19:10:32.522398
548,547,0,0,0,0,0,0,0,0,2026-03-31 19:10:32.522398
549,548,0,9300,0,0,0,0,0,9300,2026-03-31 19:10:32.522398
550,549,0,2000,0,0,0,0,0,2000,2026-03-31 19:10:32.522398
551,550,0,12000,4000,0,0,0,0,16000,2026-03-31 19:10:32.522398
552,551,0,0,0,0,0,0,0,0,2026-03-31 19:10:32.535881
553,552,0,0,0,0,0,0,0,0,2026-03-31 19:10:32.535881
554,553,0,0,0,0,0,0,0,0,2026-03-31 19:10:32.535881
555,554,0,0,0,0,0,0,0,0,2026-03-31 19:10:32.539296
556,555,0,2000,0,0,0,0,0,2000,2026-03-31 19:10:32.540466
557,556,0,500,0,0,0,0,0,500,2026-03-31 19:10:32.540466
558,557,0,1500,0,0,0,0,0,1500,2026-03-31 19:10:32.540466
559,558,0,500,0,0,0,0,0,500,2026-03-31 19:10:32.540466
560,559,0,0,0,0,0,0,0,0,2026-03-31 19:10:32.540466
561,560,0,0,0,0,0,0,0,0,2026-03-31 19:10:32.540466
562,561,0,4600,0,0,0,0,0,4600,2026-03-31 19:10:32.540466
563,562,0,2000,0,0,0,0,0,2000,2026-03-31 19:10:32.551981
564,563,0,11100,6200,0,0,0,0,17300,2026-03-31 19:10:32.551981
565,564,0,4100,0,0,0,0,0,4100,2026-03-31 19:10:32.554111
566,565,0,1500,300,0,0,0,0,1800,2026-03-31 19:10:32.556936
567,566,0,0,0,0,0,0,0,0,2026-03-31 19:10:32.558942
568,567,0,0,0,0,0,0,0,0,2026-03-31 19:10:32.560947
569,568,0,3000,0,0,0,0,0,3000,2026-03-31 19:10:32.560947
570,569,0,7700,0,0,0,0,0,7700,2026-03-31 19:10:32.562953
571,570,0,10100,4500,0,0,0,0,14600,2026-03-31 19:10:32.564959
572,571,0,4200,0,0,0,0,0,4200,2026-03-31 19:10:32.564959
573,572,0,2000,0,0,0,0,0,2000,2026-03-31 19:10:32.567778
574,573,0,3900,0,0,0,0,0,3900,2026-03-31 19:10:32.567778
575,574,0,0,0,0,0,0,0,0,2026-03-31 19:10:32.567778
576,575,0,0,0,0,0,0,0,0,2026-03-31 19:10:32.567778
577,576,0,0,0,0,0,0,0,0,2026-03-31 19:10:32.574433
578,577,0,2400,0,0,0,0,0,2400,2026-03-31 19:10:32.574433
579,578,0,2400,0,0,0,0,0,2400,2026-03-31 19:10:32.574433
580,579,0,2400,0,0,0,0,0,2400,2026-03-31 19:10:32.574433
581,580,0,2800,0,0,0,0,0,2800,2026-03-31 19:10:32.574433
582,581,0,1600,0,0,0,0,0,1600,2026-03-31 19:10:32.574433
583,582,0,500,0,0,0,0,0,500,2026-03-31 19:10:32.583747
584,583,0,0,0,0,0,0,0,0,2026-03-31 19:10:32.583747
585,584,0,10000,6800,0,0,0,0,16800,2026-03-31 19:10:32.583747
586,585,0,3200,0,0,0,0,0,3200,2026-03-31 19:10:32.587430
587,586,0,10600,6000,0,0,0,0,16600,2026-03-31 19:10:32.590540
588,587,0,1600,0,0,0,0,0,1600,2026-03-31 19:10:32.593205
589,588,0,1600,0,0,0,0,0,1600,2026-03-31 19:10:32.593205
590,589,0,0,0,0,0,0,0,0,2026-03-31 19:10:32.593205
591,590,0,1200,0,0,0,0,0,1200,2026-03-31 19:10:32.593205
592,591,0,400,0,0,0,0,0,400,2026-03-31 19:10:32.593205
593,592,0,2400,0,0,0,0,0,2400,2026-03-31 19:10:32.599875
594,593,0,8500,3000,0,0,0,0,11500,2026-03-31 19:10:32.599875
595,594,0,9600,3000,0,0,0,0,12600,2026-03-31 19:10:32.599875
596,595,0,2000,0,0,0,0,0,2000,2026-03-31 19:10:32.605318
597,596,0,800,0,0,0,0,0,800,2026-03-31 19:10:32.605318
598,597,0,4000,0,0,0,0,0,4000,2026-03-31 19:13:14.237386
599,598,0,10600,3000,0,0,0,0,13600,2026-03-31 19:13:14.241418
600,599,0,0,0,0,0,0,0,0,2026-03-31 19:13:14.245447
601,600,0,0,0,0,0,0,0,0,2026-03-31 19:13:14.249476
602,601,0,5200,0,0,0,0,0,5200,2026-03-31 19:13:14.255265
603,602,0,6400,0,0,0,0,0,6400,2026-03-31 19:13:14.259295
604,603,0,4400,0,0,0,0,0,4400,2026-03-31 19:13:14.265338
605,604,0,2700,0,0,0,0,0,2700,2026-03-31 19:13:14.269369
606,605,0,7200,0,0,0,0,0,7200,2026-03-31 19:13:14.273143
607,606,0,0,0,0,0,0,0,0,2026-03-31 19:13:14.273143
608,607,0,0,0,0,0,0,0,0,2026-03-31 19:13:14.273143
609,608,0,2300,0,0,0,0,0,2300,2026-03-31 19:13:14.286933
610,609,0,1200,0,0,0,0,0,1200,2026-03-31 19:13:14.286933
611,610,0,1200,0,0,0,0,0,1200,2026-03-31 19:13:14.286933
612,611,0,1200,0,0,0,0,0,1200,2026-03-31 19:13:14.286933
613,612,0,0,0,0,0,0,0,0,2026-03-31 19:13:14.302738
614,613,0,0,0,0,0,0,0,0,2026-03-31 19:13:14.302738
615,614,0,1600,0,0,0,0,0,1600,2026-03-31 19:13:14.302738
616,615,0,400,0,0,0,0,0,400,2026-03-31 19:13:14.302738
617,616,0,1200,0,0,0,0,0,1200,2026-03-31 19:13:14.318482
618,617,0,2000,0,0,0,0,0,2000,2026-03-31 19:13:14.318482
619,618,0,0,0,0,0,0,0,0,2026-03-31 19:13:14.318482
620,619,0,0,0,0,0,0,0,0,2026-03-31 19:13:14.318482
621,620,0,1200,0,0,0,0,0,1200,2026-03-31 19:13:14.318482
622,621,0,1200,0,0,0,0,0,1200,2026-03-31 19:13:14.334445
623,622,0,1600,0,0,0,0,0,1600,2026-03-31 19:13:14.334445
624,623,0,0,0,0,0,0,0,0,2026-03-31 19:13:14.334445
625,624,0,4300,0,0,0,0,0,4300,2026-03-31 19:13:14.334445
626,625,0,2400,0,0,0,0,0,2400,2026-03-31 19:13:14.351935
627,626,0,400,0,0,0,0,0,400,2026-03-31 19:13:14.351935
628,627,0,2000,0,0,0,0,0,2000,2026-03-31 19:13:14.351935
629,628,0,0,0,0,0,0,0,0,2026-03-31 19:13:14.351935
630,629,0,1500,0,0,0,0,0,1500,2026-03-31 19:13:14.366555
631,630,0,1200,0,0,0,0,0,1200,2026-03-31 19:13:14.366555
632,631,0,2400,0,0,0,0,0,2400,2026-03-31 19:13:14.366555
633,632,0,2400,0,0,0,0,0,2400,2026-03-31 19:13:14.366555
634,633,0,3200,0,0,0,0,0,3200,2026-03-31 19:13:14.382746
635,634,0,6000,0,0,0,0,0,6000,2026-03-31 19:13:14.382746
636,635,0,2000,0,0,0,0,0,2000,2026-03-31 19:13:14.382746
637,636,0,5200,0,0,0,0,0,5200,2026-03-31 19:13:14.382746
638,637,0,0,0,0,0,0,0,0,2026-03-31 19:13:14.382746
639,638,0,0,0,0,0,0,0,0,2026-03-31 19:13:14.398475
640,639,0,3200,0,0,0,0,0,3200,2026-03-31 19:13:14.398475
641,640,0,400,0,0,0,0,0,400,2026-03-31 19:13:14.398475
642,641,0,0,0,0,0,0,0,0,2026-03-31 19:13:14.414318
643,642,0,2800,0,0,0,0,0,2800,2026-03-31 19:13:14.414318
644,643,0,4200,0,0,0,0,0,4200,2026-03-31 19:13:14.414318
645,644,0,5700,0,0,0,0,0,5700,2026-03-31 19:13:14.414318
646,645,0,2000,0,0,0,0,0,2000,2026-03-31 19:13:14.430059
647,646,0,3400,0,0,0,0,0,3400,2026-03-31 19:13:14.430059
648,647,0,3900,0,0,0,0,0,3900,2026-03-31 19:13:14.430059
649,648,0,0,0,0,0,0,0,0,2026-03-31 19:13:14.430059
650,649,0,0,0,0,0,0,0,0,2026-03-31 19:13:14.445990
651,650,0,0,0,0,0,0,0,0,2026-03-31 19:13:14.445990
652,651,0,0,0,0,0,0,0,0,2026-03-31 19:13:14.445990
653,652,0,0,0,0,0,0,0,0,2026-03-31 19:13:14.445990
654,653,0,0,0,0,0,0,0,0,2026-03-31 19:13:14.445990
655,654,0,400,0,0,0,0,0,400,2026-03-31 19:13:14.462044
656,655,0,3000,0,0,0,0,0,3000,2026-03-31 19:13:14.462044
657,656,0,0,0,0,0,0,0,0,2026-03-31 19:13:14.462044
658,657,0,1500,0,0,0,0,0,1500,2026-03-31 19:13:14.462044
659,658,0,0,0,0,0,0,0,0,2026-03-31 19:13:14.478039
660,659,0,800,0,0,0,0,0,800,2026-03-31 19:13:14.478039
661,660,0,1200,0,0,0,0,0,1200,2026-03-31 19:13:14.478039
662,661,0,1200,0,0,0,0,0,1200,2026-03-31 19:13:14.478039
663,662,0,1200,0,0,0,0,0,1200,2026-03-31 19:13:14.478039
664,663,0,400,0,0,0,0,0,400,2026-03-31 19:13:14.493980
665,664,0,800,0,0,0,0,0,800,2026-03-31 19:13:14.493980
666,665,0,800,0,0,0,0,0,800,2026-03-31 19:13:14.493980
667,666,0,4000,0,0,0,0,0,4000,2026-03-31 19:13:14.493980
668,667,0,2800,0,0,0,0,0,2800,2026-03-31 19:13:14.493980
669,668,0,2800,0,0,0,0,0,2800,2026-03-31 19:13:14.510135
670,669,0,0,0,0,0,0,0,0,2026-03-31 19:13:14.510135
671,670,0,0,0,0,0,0,0,0,2026-03-31 19:13:14.510135
672,671,0,4400,2000,0,0,0,0,6400,2026-03-31 19:13:14.510135
673,672,0,400,0,0,0,0,0,400,2026-03-31 19:13:14.525905
674,673,0,4200,0,0,0,0,0,4200,2026-03-31 19:13:14.528511
675,674,0,3800,0,0,0,0,0,3800,2026-03-31 19:13:14.528511
676,675,0,0,0,0,0,0,0,0,2026-03-31 19:13:14.528511
677,676,0,0,0,0,0,0,0,0,2026-03-31 19:13:14.528511
678,677,0,0,0,0,0,0,0,0,2026-03-31 19:13:14.542041
679,678,0,0,0,0,0,0,0,0,2026-03-31 19:13:14.542041
680,679,0,0,0,0,0,0,0,0,2026-03-31 19:13:14.542041
681,680,0,0,0,0,0,0,0,0,2026-03-31 19:13:14.542041
682,681,0,1600,0,0,0,0,0,1600,2026-03-31 19:13:14.542041
683,682,0,3600,900,0,0,0,0,4500,2026-03-31 19:13:14.557800
684,683,0,1600,0,0,0,0,0,1600,2026-03-31 19:13:14.557800
685,684,0,2300,0,0,0,0,0,2300,2026-03-31 19:13:14.557800
686,685,0,3400,100,0,0,0,0,3500,2026-03-31 19:13:14.557800
687,686,0,1200,0,0,0,0,0,1200,2026-03-31 19:13:14.557800
688,687,0,1900,0,0,0,0,0,1900,2026-03-31 19:13:14.573807
689,688,0,3200,0,0,0,0,0,3200,2026-03-31 19:13:14.573807
690,689,0,4000,0,0,0,0,0,4000,2026-03-31 19:13:14.579138
691,690,0,2000,0,0,0,0,0,2000,2026-03-31 19:13:14.579138
692,691,0,2000,0,0,0,0,0,2000,2026-03-31 19:13:14.579138
693,692,0,400,0,0,0,0,0,400,2026-03-31 19:13:14.589739
694,693,0,0,0,0,0,0,0,0,2026-03-31 19:13:14.589739
695,694,0,0,0,0,0,0,0,0,2026-03-31 19:13:14.589739
696,695,0,0,0,0,0,0,0,0,2026-03-31 19:13:14.589739
697,696,0,2400,0,0,0,0,0,2400,2026-03-31 19:13:14.605468
698,697,0,5900,0,0,0,0,0,5900,2026-03-31 19:13:14.605468
699,698,0,2500,1700,0,0,0,0,4200,2026-03-31 19:13:14.605468
700,699,0,4500,1700,0,0,0,0,6200,2026-03-31 19:13:14.605468
701,700,0,9100,4700,0,0,0,0,13800,2026-03-31 19:13:14.605468
702,701,0,1200,0,0,0,0,0,1200,2026-03-31 19:13:14.621243
703,702,0,1200,0,0,0,0,0,1200,2026-03-31 19:13:14.621243
704,703,0,800,0,0,0,0,0,800,2026-03-31 19:13:14.621243
705,704,0,1200,0,0,0,0,0,1200,2026-03-31 19:13:14.621243
706,705,0,1200,0,0,0,0,0,1200,2026-03-31 19:13:14.636963
707,706,0,0,0,0,0,0,0,0,2026-03-31 19:13:14.636963
708,707,0,2000,0,0,0,0,0,2000,2026-03-31 19:13:14.636963
709,708,0,2000,0,0,0,0,0,2000,2026-03-31 19:13:14.636963
710,709,0,0,0,0,0,0,0,0,2026-03-31 19:13:14.636963
711,710,0,3900,0,0,0,0,0,3900,2026-03-31 19:13:14.652680
712,711,0,400,0,0,0,0,0,400,2026-03-31 19:13:14.652680
713,712,0,1600,0,0,0,0,0,1600,2026-03-31 19:13:14.652680
714,713,0,0,0,0,0,0,0,0,2026-03-31 19:13:14.652680
715,714,0,0,0,0,0,0,0,0,2026-03-31 19:13:14.668549
716,715,0,0,0,0,0,0,0,0,2026-03-31 19:13:14.668549
717,716,0,0,0,0,0,0,0,0,2026-03-31 19:13:14.668549
718,717,0,3000,0,0,0,0,0,3000,2026-03-31 19:13:14.668549
719,718,0,1500,0,0,0,0,0,1500,2026-03-31 19:13:14.668549
720,719,0,6500,0,0,0,0,0,6500,2026-03-31 19:13:14.684523
721,720,0,5000,0,0,0,0,0,5000,2026-03-31 19:13:14.684523
722,721,0,0,0,0,0,0,0,0,2026-03-31 19:13:14.684523
723,722,0,1000,0,0,0,0,0,1000,2026-03-31 19:13:14.684523
724,723,0,7100,0,0,0,0,0,7100,2026-03-31 19:13:14.700369
725,724,0,1800,0,0,0,0,0,1800,2026-03-31 19:13:14.700369
726,725,0,3100,0,0,0,0,0,3100,2026-03-31 19:13:14.700369
727,726,0,7100,0,0,0,0,0,7100,2026-03-31 19:13:14.700369
728,727,0,4000,0,0,0,0,0,4000,2026-03-31 19:13:14.700369
729,728,0,0,0,0,0,0,0,0,2026-03-31 19:13:14.716178
730,729,0,0,0,0,0,0,0,0,2026-03-31 19:13:14.716178
731,730,0,0,0,0,0,0,0,0,2026-03-31 19:13:14.716178
732,731,0,0,0,0,0,0,0,0,2026-03-31 19:13:14.716178
733,732,0,1500,0,0,0,0,0,1500,2026-03-31 19:13:14.732095
734,733,0,2000,0,0,0,0,0,2000,2026-03-31 19:13:14.732095
735,734,0,2000,0,0,0,0,0,2000,2026-03-31 19:13:14.732095
736,735,0,5000,0,0,0,0,0,5000,2026-03-31 19:13:14.732095
737,736,0,2500,0,0,0,0,0,2500,2026-03-31 19:13:14.747833
738,737,0,1600,0,0,0,0,0,1600,2026-03-31 19:13:14.747833
739,738,0,4000,0,0,0,0,0,4000,2026-03-31 19:13:14.747833
740,739,0,8500,1500,0,0,0,0,10000,2026-03-31 19:13:14.747833
741,740,0,9000,1500,0,0,0,0,10500,2026-03-31 19:13:14.747833
742,741,0,2400,0,0,0,0,0,2400,2026-03-31 19:13:14.763770
743,742,0,0,0,0,0,0,0,0,2026-03-31 19:13:14.763770
744,743,0,15600,3900,0,0,0,0,19500,2026-03-31 19:13:14.763770
745,744,0,1500,0,0,0,0,0,1500,2026-03-31 19:13:14.763770
746,745,0,10000,100,0,0,0,0,10100,2026-03-31 19:13:14.763770
747,746,0,1000,0,0,0,0,0,1000,2026-03-31 19:13:14.779499
748,747,0,7800,0,0,0,0,0,7800,2026-03-31 19:13:14.779499
749,748,0,1000,0,0,0,0,0,1000,2026-03-31 19:13:14.779499
750,749,0,1000,0,0,0,0,0,1000,2026-03-31 19:13:14.779499
751,750,0,4000,0,0,0,0,0,4000,2026-03-31 19:13:14.795377
752,751,0,2300,0,0,0,0,0,2300,2026-03-31 19:13:14.795999
753,752,0,3800,0,0,0,0,0,3800,2026-03-31 19:13:14.795999
754,753,0,3500,0,0,0,0,0,3500,2026-03-31 19:13:14.795999
755,754,0,1000,0,0,0,0,0,1000,2026-03-31 19:13:14.795999
756,755,0,500,0,0,0,0,0,500,2026-03-31 19:13:14.811103
757,756,0,5500,0,0,0,0,0,5500,2026-03-31 19:13:14.811103
758,757,0,4000,0,0,0,0,0,4000,2026-03-31 19:13:14.811103
759,758,0,0,0,0,0,0,0,0,2026-03-31 19:13:14.811103
760,759,0,8500,3000,0,0,0,0,11500,2026-03-31 19:13:14.811103
761,760,0,3000,0,0,0,0,0,3000,2026-03-31 19:13:14.826862
762,761,0,4000,1000,0,0,0,0,5000,2026-03-31 19:13:14.826862
763,762,0,3500,0,0,0,0,0,3500,2026-03-31 19:13:14.826862
764,763,0,2500,0,0,0,0,0,2500,2026-03-31 19:13:14.826862
765,764,0,1000,0,0,0,0,0,1000,2026-03-31 19:13:14.826862
766,765,0,5800,0,0,0,0,0,5800,2026-03-31 19:13:14.842582
767,766,0,4100,0,0,0,0,0,4100,2026-03-31 19:13:14.842582
768,767,0,2800,0,0,0,0,0,2800,2026-03-31 19:13:14.842582
769,768,0,4800,0,0,0,0,0,4800,2026-03-31 19:13:14.842582
770,769,0,7300,0,0,0,0,0,7300,2026-03-31 19:13:14.842582
771,770,0,400,0,0,0,0,0,400,2026-03-31 19:13:14.858353
772,771,0,0,0,0,0,0,0,0,2026-03-31 19:13:14.858353
773,772,0,0,0,0,0,0,0,0,2026-03-31 19:13:14.858353
774,773,0,8500,0,0,0,0,0,8500,2026-03-31 19:13:14.858353
775,774,0,3500,0,0,0,0,0,3500,2026-03-31 19:13:14.858353
776,775,0,3500,0,0,0,0,0,3500,2026-03-31 19:13:14.876218
777,776,0,6800,0,0,0,0,0,6800,2026-03-31 19:13:14.876930
778,777,0,0,0,0,0,0,0,0,2026-03-31 19:13:14.876930
779,778,0,0,0,0,0,0,0,0,2026-03-31 19:15:56.813879
780,779,0,0,0,0,0,0,0,0,2026-03-31 19:15:56.813879
781,780,0,0,0,0,0,0,0,0,2026-03-31 19:15:56.832559
782,781,0,0,0,0,0,0,0,0,2026-03-31 19:15:56.834156
783,782,0,1200,0,0,0,0,0,1200,2026-03-31 19:15:56.834156
784,783,0,6800,0,0,0,0,0,6800,2026-03-31 19:15:56.834156
785,784,0,2800,0,0,0,0,0,2800,2026-03-31 19:15:56.848687
786,785,0,2800,0,0,0,0,0,2800,2026-03-31 19:15:56.848687
787,786,0,2400,0,0,0,0,0,2400,2026-03-31 19:15:56.855733
788,787,0,2000,0,0,0,0,0,2000,2026-03-31 19:15:56.855733
789,788,0,0,0,0,0,0,0,0,2026-03-31 19:15:56.861822
790,789,0,1600,0,0,0,0,0,1600,2026-03-31 19:15:56.861822
791,790,0,1600,0,0,0,0,0,1600,2026-03-31 19:15:56.861822
792,791,0,2000,0,0,0,0,0,2000,2026-03-31 19:15:56.872244
793,792,0,3600,0,0,0,0,0,3600,2026-03-31 19:15:56.878000
794,793,0,3600,0,0,0,0,0,3600,2026-03-31 19:15:56.878000
795,794,0,3200,0,0,0,0,0,3200,2026-03-31 19:15:56.883148
796,795,0,4200,200,0,0,0,0,4400,2026-03-31 19:15:56.883148
797,796,0,15000,2600,0,0,0,0,17600,2026-03-31 19:15:56.893873
798,797,0,4600,200,0,0,0,0,4800,2026-03-31 19:15:56.893873
799,798,0,9200,0,0,0,0,0,9200,2026-03-31 19:15:56.893873
800,799,0,4000,0,0,0,0,0,4000,2026-03-31 19:15:56.893873
801,800,0,0,0,0,0,0,0,0,2026-03-31 19:15:56.905625
802,801,0,500,0,0,0,0,0,500,2026-03-31 19:15:56.909712
803,802,0,400,0,0,0,0,0,400,2026-03-31 19:15:56.909712
804,803,0,500,0,0,0,0,0,500,2026-03-31 19:15:56.909712
805,804,0,1200,0,0,0,0,0,1200,2026-03-31 19:15:56.909712
806,805,0,400,0,0,0,0,0,400,2026-03-31 19:15:56.909712
807,806,0,400,0,0,0,0,0,400,2026-03-31 19:15:56.925633
808,807,0,0,0,0,0,0,0,0,2026-03-31 19:15:56.925633
809,808,0,0,0,0,0,0,0,0,2026-03-31 19:15:56.925633
810,809,0,3600,0,0,0,0,0,3600,2026-03-31 19:15:56.925633
811,810,0,4800,0,0,0,0,0,4800,2026-03-31 19:15:56.941811
812,811,0,3600,0,0,0,0,0,3600,2026-03-31 19:15:56.941811
813,812,0,2800,0,0,0,0,0,2800,2026-03-31 19:15:56.941811
814,813,0,4000,0,0,0,0,0,4000,2026-03-31 19:15:56.941811
815,814,0,3600,0,0,0,0,0,3600,2026-03-31 19:15:56.941811
816,815,0,2000,0,0,0,0,0,2000,2026-03-31 19:15:56.957965
817,816,0,1200,0,0,0,0,0,1200,2026-03-31 19:15:56.957965
818,817,0,2400,0,0,0,0,0,2400,2026-03-31 19:15:56.957965
819,818,0,2400,0,0,0,0,0,2400,2026-03-31 19:15:56.957965
820,819,0,1600,0,0,0,0,0,1600,2026-03-31 19:15:56.972282
821,820,0,3200,0,0,0,0,0,3200,2026-03-31 19:15:56.974166
822,821,0,2400,0,0,0,0,0,2400,2026-03-31 19:15:56.974166
823,822,0,3600,1600,0,0,0,0,5200,2026-03-31 19:15:56.974166
824,823,0,2000,400,0,0,0,0,2400,2026-03-31 19:15:56.974166
825,824,0,1600,0,0,0,0,0,1600,2026-03-31 19:15:56.974166
826,825,0,1600,0,0,0,0,0,1600,2026-03-31 19:15:56.989895
827,826,0,800,0,0,0,0,0,800,2026-03-31 19:15:56.989895
828,827,0,1600,0,0,0,0,0,1600,2026-03-31 19:15:56.989895
829,828,0,2400,0,0,0,0,0,2400,2026-03-31 19:15:57.001867
830,829,0,400,0,0,0,0,0,400,2026-03-31 19:15:57.005999
831,830,0,800,0,0,0,0,0,800,2026-03-31 19:15:57.005999
832,831,0,800,0,0,0,0,0,800,2026-03-31 19:15:57.005999
833,832,0,1200,0,0,0,0,0,1200,2026-03-31 19:15:57.005999
834,833,0,7200,0,0,0,0,0,7200,2026-03-31 19:15:57.005999
835,834,0,1200,0,0,0,0,0,1200,2026-03-31 19:15:57.024019
836,835,0,1200,0,0,0,0,0,1200,2026-03-31 19:15:57.028282
837,836,0,1600,0,0,0,0,0,1600,2026-03-31 19:15:57.031813
838,837,0,0,0,0,0,0,0,0,2026-03-31 19:15:57.035358
839,838,0,2400,0,0,0,0,0,2400,2026-03-31 19:15:57.038727
840,839,0,1600,0,0,0,0,0,1600,2026-03-31 19:15:57.039448
841,840,0,1600,0,0,0,0,0,1600,2026-03-31 19:15:57.039448
842,841,0,5400,0,0,0,0,0,5400,2026-03-31 19:15:57.039448
843,842,0,6600,0,0,0,0,0,6600,2026-03-31 19:15:57.039448
844,843,0,5200,0,0,0,0,0,5200,2026-03-31 19:15:57.053544
845,844,0,4400,0,0,0,0,0,4400,2026-03-31 19:15:57.053544
846,845,0,4400,0,0,0,0,0,4400,2026-03-31 19:15:57.053544
847,846,0,11200,6000,0,0,0,0,17200,2026-03-31 19:15:57.053544
848,847,0,0,0,0,0,0,0,0,2026-03-31 19:15:57.053544
849,848,0,800,0,0,0,0,0,800,2026-03-31 19:15:57.072174
850,849,0,400,0,0,0,0,0,400,2026-03-31 19:15:57.072174
851,850,0,0,0,0,0,0,0,0,2026-03-31 19:15:57.072174
852,851,0,4300,0,0,0,0,0,4300,2026-03-31 19:15:57.072174
853,852,0,3100,0,0,0,0,0,3100,2026-03-31 19:15:57.085761
854,853,0,0,0,0,0,0,0,0,2026-03-31 19:15:57.087779
855,854,0,0,0,0,0,0,0,0,2026-03-31 19:15:57.087779
856,855,0,400,0,0,0,0,0,400,2026-03-31 19:15:57.097328
857,856,0,400,0,0,0,0,0,400,2026-03-31 19:15:57.097328
858,857,0,1200,0,0,0,0,0,1200,2026-03-31 19:15:57.101922
859,858,0,0,0,0,0,0,0,0,2026-03-31 19:15:57.105627
860,859,0,0,0,0,0,0,0,0,2026-03-31 19:15:57.105627
861,860,0,0,0,0,0,0,0,0,2026-03-31 19:15:57.105627
862,861,0,2400,0,0,0,0,0,2400,2026-03-31 19:15:57.105627
863,862,0,9200,0,0,0,0,0,9200,2026-03-31 19:15:57.117714
864,863,0,8000,0,0,0,0,0,8000,2026-03-31 19:15:57.117714
865,864,0,10800,5200,0,0,0,0,16000,2026-03-31 19:15:57.117714
866,865,0,1200,0,0,0,0,0,1200,2026-03-31 19:15:57.117714
867,866,0,7400,3000,0,0,0,0,10400,2026-03-31 19:15:57.133908
868,867,0,5800,2600,0,0,0,0,8400,2026-03-31 19:15:57.133908
869,868,0,4700,3300,0,0,0,0,8000,2026-03-31 19:15:57.138983
870,869,0,800,0,0,0,0,0,800,2026-03-31 19:15:57.138983
871,870,0,0,0,0,0,0,0,0,2026-03-31 19:15:57.138983
872,871,0,0,0,0,0,0,0,0,2026-03-31 19:15:57.150069
873,872,0,7500,0,0,0,0,0,7500,2026-03-31 19:15:57.150069
874,873,0,4800,1200,0,0,0,0,6000,2026-03-31 19:15:57.150069
875,874,0,8400,800,0,0,0,0,9200,2026-03-31 19:15:57.150069
876,875,0,0,0,0,0,0,0,0,2026-03-31 19:15:57.166068
877,876,0,0,0,0,0,0,0,0,2026-03-31 19:15:57.169837
878,877,0,0,0,0,0,0,0,0,2026-03-31 19:15:57.172238
879,878,0,7800,6600,0,0,0,0,14400,2026-03-31 19:15:57.172238
880,879,0,2800,0,0,0,0,0,2800,2026-03-31 19:15:57.172238
881,880,0,2400,0,0,0,0,0,2400,2026-03-31 19:15:57.181828
882,881,0,10000,0,0,0,0,0,10000,2026-03-31 19:15:57.184358
883,882,0,2000,0,0,0,0,0,2000,2026-03-31 19:15:57.184358
884,883,0,0,0,0,0,0,0,0,2026-03-31 19:15:57.184358
885,884,0,800,0,0,0,0,0,800,2026-03-31 19:15:57.197891
886,885,0,400,0,0,0,0,0,400,2026-03-31 19:15:57.197891
887,886,0,400,0,0,0,0,0,400,2026-03-31 19:15:57.197891
888,887,0,2800,2000,0,0,0,0,4800,2026-03-31 19:15:57.197891
889,888,0,0,0,0,0,0,0,0,2026-03-31 19:15:57.197891
890,889,0,0,0,0,0,0,0,0,2026-03-31 19:15:57.214071
891,890,0,6400,0,0,0,0,0,6400,2026-03-31 19:15:57.214071
892,891,0,2400,0,0,0,0,0,2400,2026-03-31 19:15:57.214071
893,892,0,7600,0,0,0,0,0,7600,2026-03-31 19:15:57.214071
894,893,0,0,0,0,0,0,0,0,2026-03-31 19:15:57.230177
895,894,0,5900,3300,0,0,0,0,9200,2026-03-31 19:15:57.234792
896,895,0,1600,0,0,0,0,0,1600,2026-03-31 19:15:57.234792
897,896,0,5200,0,0,0,0,0,5200,2026-03-31 19:15:57.234792
898,897,0,3600,0,0,0,0,0,3600,2026-03-31 19:15:57.234792
899,898,0,4400,0,0,0,0,0,4400,2026-03-31 19:15:57.246324
900,899,0,2400,0,0,0,0,0,2400,2026-03-31 19:15:57.246324
901,900,0,4000,0,0,0,0,0,4000,2026-03-31 19:15:57.246324
902,901,0,1600,0,0,0,0,0,1600,2026-03-31 19:15:57.246324
903,902,0,1600,0,0,0,0,0,1600,2026-03-31 19:15:57.262463
904,903,0,2000,0,0,0,0,0,2000,2026-03-31 19:15:57.262463
905,904,0,0,0,0,0,0,0,0,2026-03-31 19:15:57.262463
906,905,0,1600,0,0,0,0,0,1600,2026-03-31 19:15:57.262463
907,906,0,1600,0,0,0,0,0,1600,2026-03-31 19:15:57.262463
908,907,0,1200,0,0,0,0,0,1200,2026-03-31 19:15:57.278602
909,908,0,1200,0,0,0,0,0,1200,2026-03-31 19:15:57.281294
910,909,0,1200,0,0,0,0,0,1200,2026-03-31 19:15:57.285382
911,910,0,8400,0,0,0,0,0,8400,2026-03-31 19:15:57.285382
912,911,0,15200,4000,0,0,0,0,19200,2026-03-31 19:15:57.285382
913,912,0,8400,0,0,0,0,0,8400,2026-03-31 19:15:57.294389
914,913,0,8000,0,0,0,0,0,8000,2026-03-31 19:15:57.294389
915,914,0,0,0,0,0,0,0,0,2026-03-31 19:15:57.294389
916,915,0,0,0,0,0,0,0,0,2026-03-31 19:15:57.294389
917,916,0,17500,7500,0,0,0,0,25000,2026-03-31 19:15:57.294389
918,917,0,4400,0,0,0,0,0,4400,2026-03-31 19:15:57.310573
919,918,0,4400,0,0,0,0,0,4400,2026-03-31 19:15:57.310573
920,919,0,6400,0,0,0,0,0,6400,2026-03-31 19:15:57.310573
921,920,0,2800,0,0,0,0,0,2800,2026-03-31 19:15:57.310573
922,921,0,0,0,0,0,0,0,0,2026-03-31 19:15:57.322209
923,922,0,0,0,0,0,0,0,0,2026-03-31 19:15:57.326748
924,923,0,6800,0,0,0,0,0,6800,2026-03-31 19:15:57.326748
925,924,0,5600,0,0,0,0,0,5600,2026-03-31 19:15:57.326748
926,925,0,3600,0,0,0,0,0,3600,2026-03-31 19:15:57.335838
927,926,0,2400,0,0,0,0,0,2400,2026-03-31 19:15:57.335838
928,927,0,6000,0,0,0,0,0,6000,2026-03-31 19:15:57.342871
929,928,0,3600,0,0,0,0,0,3600,2026-03-31 19:15:57.342871
930,929,0,5200,0,0,0,0,0,5200,2026-03-31 19:15:57.342871
931,930,0,1200,0,0,0,0,0,1200,2026-03-31 19:15:57.342871
932,931,0,0,0,0,0,0,0,0,2026-03-31 19:15:57.342871
933,932,0,1200,0,0,0,0,0,1200,2026-03-31 19:15:57.359024
934,933,0,400,0,0,0,0,0,400,2026-03-31 19:15:57.359024
935,934,0,6000,0,0,0,0,0,6000,2026-03-31 19:15:57.359024
936,935,0,5600,0,0,0,0,0,5600,2026-03-31 19:15:57.359024
937,936,0,2400,0,0,0,0,0,2400,2026-03-31 19:15:57.372205
938,937,0,4200,0,0,0,0,0,4200,2026-03-31 19:18:35.095656
939,938,0,1400,0,0,0,0,0,1400,2026-03-31 19:18:35.099684
940,939,0,1400,0,0,0,0,0,1400,2026-03-31 19:18:35.105225
941,940,0,6000,0,0,0,0,0,6000,2026-03-31 19:18:35.109254
942,941,0,0,0,0,0,0,0,0,2026-03-31 19:18:35.113283
943,942,0,3600,0,0,0,0,0,3600,2026-03-31 19:18:35.117312
944,943,0,2400,0,0,0,0,0,2400,2026-03-31 19:18:35.119069
945,944,0,1600,0,0,0,0,0,1600,2026-03-31 19:18:35.126365
946,945,0,3900,500,0,0,0,0,4400,2026-03-31 19:18:35.126365
947,946,0,3100,500,0,0,0,0,3600,2026-03-31 19:18:35.134794
948,947,0,5400,0,0,0,0,0,5400,2026-03-31 19:18:35.134794
949,948,0,4900,0,0,0,0,0,4900,2026-03-31 19:18:35.134794
950,949,0,4200,0,0,0,0,0,4200,2026-03-31 19:18:35.134794
951,950,0,0,0,0,0,0,0,0,2026-03-31 19:18:35.150591
952,951,0,0,0,0,0,0,0,0,2026-03-31 19:18:35.150591
953,952,0,1500,0,0,0,0,0,1500,2026-03-31 19:18:35.150591
954,953,0,1600,0,0,0,0,0,1600,2026-03-31 19:18:35.150591
955,954,0,6600,0,0,0,0,0,6600,2026-03-31 19:18:35.166733
956,955,0,6600,0,0,0,0,0,6600,2026-03-31 19:18:35.171071
957,956,0,3700,0,0,0,0,0,3700,2026-03-31 19:18:35.174597
958,957,0,2600,0,0,0,0,0,2600,2026-03-31 19:18:35.178621
959,958,0,4800,0,0,0,0,0,4800,2026-03-31 19:18:35.182437
960,959,0,1600,0,0,0,0,0,1600,2026-03-31 19:18:35.184451
961,960,0,4000,0,0,0,0,0,4000,2026-03-31 19:18:35.190495
962,961,0,0,0,0,0,0,0,0,2026-03-31 19:18:35.194524
963,962,0,1600,0,0,0,0,0,1600,2026-03-31 19:18:35.196538
964,963,0,800,0,0,0,0,0,800,2026-03-31 19:18:35.198296
965,964,0,800,0,0,0,0,0,800,2026-03-31 19:18:35.198296
966,965,0,3200,0,0,0,0,0,3200,2026-03-31 19:18:35.198296
967,966,0,2000,0,0,0,0,0,2000,2026-03-31 19:18:35.214201
968,967,0,1200,0,0,0,0,0,1200,2026-03-31 19:18:35.214201
969,968,0,400,0,0,0,0,0,400,2026-03-31 19:18:35.221997
970,969,0,2300,0,0,0,0,0,2300,2026-03-31 19:18:35.225569
971,970,0,5500,0,0,0,0,0,5500,2026-03-31 19:18:35.229184
972,971,0,5300,0,0,0,0,0,5300,2026-03-31 19:18:35.231269
973,972,0,10100,3000,0,0,0,0,13100,2026-03-31 19:18:35.238711
974,973,0,0,0,0,0,0,0,0,2026-03-31 19:18:35.240725
975,974,0,0,0,0,0,0,0,0,2026-03-31 19:18:35.245582
976,975,0,14300,11500,0,0,0,0,25800,2026-03-31 19:18:35.245582
977,976,0,2400,0,0,0,0,0,2400,2026-03-31 19:18:35.245582
978,977,0,4400,800,0,0,0,0,5200,2026-03-31 19:18:35.245582
979,978,0,9600,800,0,0,0,0,10400,2026-03-31 19:18:35.261558
980,979,0,11600,1200,0,0,0,0,12800,2026-03-31 19:18:35.263576
981,980,0,4400,0,0,0,0,0,4400,2026-03-31 19:18:35.263576
982,981,0,4000,0,0,0,0,0,4000,2026-03-31 19:18:35.263576
983,982,0,2100,0,0,0,0,0,2100,2026-03-31 19:18:35.263576
984,983,0,800,0,0,0,0,0,800,2026-03-31 19:18:35.279379
985,984,0,1400,0,0,0,0,0,1400,2026-03-31 19:18:35.279379
986,985,0,1000,0,0,0,0,0,1000,2026-03-31 19:18:35.279379
987,986,0,0,0,0,0,0,0,0,2026-03-31 19:18:35.279379
988,987,0,2800,0,0,0,0,0,2800,2026-03-31 19:18:35.295247
989,988,0,800,0,0,0,0,0,800,2026-03-31 19:18:35.295247
990,989,0,2400,0,0,0,0,0,2400,2026-03-31 19:18:35.304133
991,990,0,2400,0,0,0,0,0,2400,2026-03-31 19:18:35.309248
992,991,0,4400,0,0,0,0,0,4400,2026-03-31 19:18:35.314095
993,992,0,4900,0,0,0,0,0,4900,2026-03-31 19:18:35.314095
994,993,0,3200,0,0,0,0,0,3200,2026-03-31 19:18:35.323559
995,994,0,2800,0,0,0,0,0,2800,2026-03-31 19:18:35.329359
996,995,0,0,0,0,0,0,0,0,2026-03-31 19:18:35.330867
997,996,0,800,0,0,0,0,0,800,2026-03-31 19:18:35.336297
998,997,0,3600,0,0,0,0,0,3600,2026-03-31 19:18:35.342323
999,998,0,1900,0,0,0,0,0,1900,2026-03-31 19:18:35.346508
1000,999,0,800,0,0,0,0,0,800,2026-03-31 19:18:35.351501
1001,1000,0,0,0,0,0,0,0,0,2026-03-31 19:18:35.353721
1002,1001,0,1600,0,0,0,0,0,1600,2026-03-31 19:18:35.359262
1003,1002,0,800,0,0,0,0,0,800,2026-03-31 19:18:35.362055
1004,1003,0,1400,0,0,0,0,0,1400,2026-03-31 19:18:35.362055
1005,1004,0,1200,0,0,0,0,0,1200,2026-03-31 19:18:35.362055
1006,1005,0,800,0,0,0,0,0,800,2026-03-31 19:18:35.373025
1007,1006,0,800,0,0,0,0,0,800,2026-03-31 19:18:35.373025
1008,1007,0,0,0,0,0,0,0,0,2026-03-31 19:18:35.373025
1009,1008,0,0,0,0,0,0,0,0,2026-03-31 19:18:35.373025
1010,1009,0,4000,0,0,0,0,0,4000,2026-03-31 19:18:35.389124
1011,1010,0,6400,0,0,0,0,0,6400,2026-03-31 19:18:35.389124
1012,1011,0,0,0,0,0,0,0,0,2026-03-31 19:18:35.389124
1013,1012,0,0,0,0,0,0,0,0,2026-03-31 19:18:35.403724
1014,1013,0,0,0,0,0,0,0,0,2026-03-31 19:18:35.407249
1015,1014,0,1200,0,0,0,0,0,1200,2026-03-31 19:18:35.411272
1016,1015,0,1200,0,0,0,0,0,1200,2026-03-31 19:18:35.413285
1017,1016,0,0,0,0,0,0,0,0,2026-03-31 19:18:35.413285
1018,1017,0,0,0,0,0,0,0,0,2026-03-31 19:18:35.424288
1019,1018,0,3000,0,0,0,0,0,3000,2026-03-31 19:18:35.427896
1020,1019,0,2000,0,0,0,0,0,2000,2026-03-31 19:18:35.431502
1021,1020,0,0,0,0,0,0,0,0,2026-03-31 19:18:35.437117
1022,1021,0,0,0,0,0,0,0,0,2026-03-31 19:18:35.443053
1023,1022,0,3100,0,0,0,0,0,3100,2026-03-31 19:18:35.449100
1024,1023,0,15300,7000,0,0,0,0,22300,2026-03-31 19:18:35.452878
1025,1024,0,0,0,0,0,0,0,0,2026-03-31 19:18:35.452878
1026,1025,0,9100,100,0,0,0,0,9200,2026-03-31 19:18:35.452878
1027,1026,0,5100,0,0,0,0,0,5100,2026-03-31 19:18:35.452878
1028,1027,0,800,0,0,0,0,0,800,2026-03-31 19:18:35.452878
1029,1028,0,800,0,0,0,0,0,800,2026-03-31 19:18:35.468728
1030,1029,0,3600,0,0,0,0,0,3600,2026-03-31 19:18:35.468728
1031,1030,0,2800,0,0,0,0,0,2800,2026-03-31 19:18:35.468728
1032,1031,0,1900,0,0,0,0,0,1900,2026-03-31 19:18:35.468728
1033,1032,0,0,0,0,0,0,0,0,2026-03-31 19:18:35.484852
1034,1033,0,800,0,0,0,0,0,800,2026-03-31 19:18:35.487551
1035,1034,0,0,0,0,0,0,0,0,2026-03-31 19:18:35.487551
1036,1035,0,0,0,0,0,0,0,0,2026-03-31 19:18:35.487551
1037,1036,0,0,0,0,0,0,0,0,2026-03-31 19:18:35.487551
1038,1037,0,800,0,0,0,0,0,800,2026-03-31 19:18:35.500652
1039,1038,0,4400,0,0,0,0,0,4400,2026-03-31 19:18:35.500652
1040,1039,0,2800,0,0,0,0,0,2800,2026-03-31 19:18:35.500652
1041,1040,0,3200,0,0,0,0,0,3200,2026-03-31 19:18:35.500652
1042,1041,0,3600,0,0,0,0,0,3600,2026-03-31 19:18:35.516374
1043,1042,0,4000,0,0,0,0,0,4000,2026-03-31 19:18:35.516374
1044,1043,0,0,0,0,0,0,0,0,2026-03-31 19:18:35.516374
1045,1044,0,0,0,0,0,0,0,0,2026-03-31 19:18:35.516374
1046,1045,0,1500,0,0,0,0,0,1500,2026-03-31 19:18:35.516374
1047,1046,0,1600,0,0,0,0,0,1600,2026-03-31 19:18:35.532242
1048,1047,0,4600,3300,0,0,0,0,7900,2026-03-31 19:18:35.532242
1049,1048,0,800,0,0,0,0,0,800,2026-03-31 19:18:35.537760
1050,1049,0,6000,0,0,0,0,0,6000,2026-03-31 19:18:35.537760
1051,1050,0,4500,0,0,0,0,0,4500,2026-03-31 19:18:35.537760
1052,1051,0,1600,0,0,0,0,0,1600,2026-03-31 19:18:35.552588
1053,1052,0,3200,0,0,0,0,0,3200,2026-03-31 19:18:35.556621
1054,1053,0,2800,0,0,0,0,0,2800,2026-03-31 19:18:35.560655
1055,1054,0,0,0,0,0,0,0,0,2026-03-31 19:18:35.564216
1056,1055,0,0,0,0,0,0,0,0,2026-03-31 19:18:35.564216
1057,1056,0,0,0,0,0,0,0,0,2026-03-31 19:18:35.564216
1058,1057,0,11200,0,0,0,0,0,11200,2026-03-31 19:18:35.564216
1059,1058,0,6000,0,0,0,0,0,6000,2026-03-31 19:18:35.584287
1060,1059,0,0,0,0,0,0,0,0,2026-03-31 19:18:35.588314
1061,1060,0,5100,0,0,0,0,0,5100,2026-03-31 19:18:35.590325
1062,1061,0,6800,0,0,0,0,0,6800,2026-03-31 19:18:35.594348
1063,1062,0,7500,0,0,0,0,0,7500,2026-03-31 19:18:35.598120
1064,1063,0,0,0,0,0,0,0,0,2026-03-31 19:18:35.602145
1065,1064,0,4400,0,0,0,0,0,4400,2026-03-31 19:18:35.604157
1066,1065,0,800,0,0,0,0,0,800,2026-03-31 19:18:35.608184
1067,1066,0,3700,500,0,0,0,0,4200,2026-03-31 19:18:35.612017
1068,1067,0,3300,500,0,0,0,0,3800,2026-03-31 19:18:35.612017
1069,1068,0,4500,2500,0,0,0,0,7000,2026-03-31 19:18:35.612017
1070,1069,0,3300,2500,0,0,0,0,5800,2026-03-31 19:18:35.627684
1071,1070,0,2800,0,0,0,0,0,2800,2026-03-31 19:18:35.627684
1072,1071,0,3600,0,0,0,0,0,3600,2026-03-31 19:18:35.627684
1073,1072,0,1000,0,0,0,0,0,1000,2026-03-31 19:18:35.638475
1074,1073,0,3200,0,0,0,0,0,3200,2026-03-31 19:18:35.638475
1075,1074,0,7200,0,0,0,0,0,7200,2026-03-31 19:18:35.643800
1076,1075,0,4000,0,0,0,0,0,4000,2026-03-31 19:18:35.652396
1077,1076,0,2400,0,0,0,0,0,2400,2026-03-31 19:18:35.652396
1078,1077,0,2700,0,0,0,0,0,2700,2026-03-31 19:18:35.659455
1079,1078,0,6400,0,0,0,0,0,6400,2026-03-31 19:18:35.659455
1080,1079,0,2800,0,0,0,0,0,2800,2026-03-31 19:18:35.659455
1081,1080,0,1900,0,0,0,0,0,1900,2026-03-31 19:18:35.659455
1082,1081,0,4000,0,0,0,0,0,4000,2026-03-31 19:18:35.675378
1083,1082,0,3600,0,0,0,0,0,3600,2026-03-31 19:18:35.679418
1084,1083,0,3200,0,0,0,0,0,3200,2026-03-31 19:18:35.685456
1085,1084,0,0,0,0,0,0,0,0,2026-03-31 19:18:35.688982
1086,1085,0,800,0,0,0,0,0,800,2026-03-31 19:18:35.690994
1087,1086,0,800,0,0,0,0,0,800,2026-03-31 19:18:35.690994
1088,1087,0,400,0,0,0,0,0,400,2026-03-31 19:18:35.690994
1089,1088,0,2500,0,0,0,0,0,2500,2026-03-31 19:18:35.690994
1090,1089,0,0,0,0,0,0,0,0,2026-03-31 19:18:35.706819
1091,1090,0,0,0,0,0,0,0,0,2026-03-31 19:18:35.706819
1092,1091,0,0,0,0,0,0,0,0,2026-03-31 19:18:35.706819
1093,1092,0,2400,0,0,0,0,0,2400,2026-03-31 19:18:35.706819
1094,1093,0,4000,0,0,0,0,0,4000,2026-03-31 19:18:35.706819
1095,1094,0,2800,0,0,0,0,0,2800,2026-03-31 19:18:35.722482
1096,1095,0,1200,0,0,0,0,0,1200,2026-03-31 19:18:35.722482
1097,1096,0,800,0,0,0,0,0,800,2026-03-31 19:18:35.722482
1098,1097,0,7400,2600,0,0,0,0,10000,2026-03-31 19:18:35.722482
1099,1098,0,6800,0,0,0,0,0,6800,2026-03-31 19:18:35.741149
1100,1099,0,0,0,0,0,0,0,0,2026-03-31 19:18:35.743166
1101,1100,0,0,0,0,0,0,0,0,2026-03-31 19:18:35.743166
1102,1101,0,2400,0,0,0,0,0,2400,2026-03-31 19:21:17.980619
1103,1102,0,7400,2200,0,0,0,0,9600,2026-03-31 19:21:17.980619
1104,1103,0,1200,0,0,0,0,0,1200,2026-03-31 19:21:17.980619
1105,1104,0,1600,0,0,0,0,0,1600,2026-03-31 19:21:17.993219
1106,1105,0,1200,0,0,0,0,0,1200,2026-03-31 19:21:17.993219
1107,1106,0,800,0,0,0,0,0,800,2026-03-31 19:21:17.993219
1108,1107,0,0,0,0,0,0,0,0,2026-03-31 19:21:17.993219
1109,1108,0,0,0,0,0,0,0,0,2026-03-31 19:21:18.009082
1110,1109,0,7600,0,0,0,0,0,7600,2026-03-31 19:21:18.009082
1111,1109,0,0,0,0,0,0,0,0,2026-03-31 19:21:18.009082
1112,1110,0,0,0,0,0,0,0,0,2026-03-31 19:21:18.024973
1113,1111,0,3400,0,0,0,0,0,3400,2026-03-31 19:21:18.031125
1114,1112,0,2400,0,0,0,0,0,2400,2026-03-31 19:21:18.031125
1115,1113,0,3200,0,0,0,0,0,3200,2026-03-31 19:21:18.031125
1116,1114,0,5600,0,0,0,0,0,5600,2026-03-31 19:21:18.040726
1117,1115,0,13400,4000,0,0,0,0,17400,2026-03-31 19:21:18.040726
1118,1116,0,4300,1500,0,0,0,0,5800,2026-03-31 19:21:18.040726
1119,1117,0,800,0,0,0,0,0,800,2026-03-31 19:21:18.040726
1120,1118,0,9100,0,0,0,0,0,9100,2026-03-31 19:21:18.056802
1121,1119,0,800,0,0,0,0,0,800,2026-03-31 19:21:18.056802
1122,1120,0,1600,0,0,0,0,0,1600,2026-03-31 19:21:18.056802
1123,1121,0,800,0,0,0,0,0,800,2026-03-31 19:21:18.056802
1124,1122,0,400,0,0,0,0,0,400,2026-03-31 19:21:18.056802
1125,1123,0,800,0,0,0,0,0,800,2026-03-31 19:21:18.072521
1126,1124,0,6000,0,0,0,0,0,6000,2026-03-31 19:21:18.075962
1127,1125,0,0,0,0,0,0,0,0,2026-03-31 19:21:18.075962
1128,1126,0,400,0,0,0,0,0,400,2026-03-31 19:21:18.075962
1129,1127,0,0,0,0,0,0,0,0,2026-03-31 19:21:18.088547
1130,1128,0,0,0,0,0,0,0,0,2026-03-31 19:21:18.088547
1131,1129,0,0,0,0,0,0,0,0,2026-03-31 19:21:18.088547
1132,1130,0,2400,0,0,0,0,0,2400,2026-03-31 19:21:18.088547
1133,1131,0,800,0,0,0,0,0,800,2026-03-31 19:21:18.088547
1134,1132,0,3200,0,0,0,0,0,3200,2026-03-31 19:21:18.104555
1135,1133,0,3200,0,0,0,0,0,3200,2026-03-31 19:21:18.104555
1136,1134,0,800,0,0,0,0,0,800,2026-03-31 19:21:18.104555
1137,1135,0,2000,0,0,0,0,0,2000,2026-03-31 19:21:18.104555
1138,1136,0,5600,0,0,0,0,0,5600,2026-03-31 19:21:18.104555
1139,1137,0,1600,0,0,0,0,0,1600,2026-03-31 19:21:18.120333
1140,1138,0,400,0,0,0,0,0,400,2026-03-31 19:21:18.126168
1141,1139,0,800,0,0,0,0,0,800,2026-03-31 19:21:18.126168
1142,1140,0,0,0,0,0,0,0,0,2026-03-31 19:21:18.126168
1143,1141,0,400,0,0,0,0,0,400,2026-03-31 19:21:18.126168
1144,1142,0,0,0,0,0,0,0,0,2026-03-31 19:21:18.136263
1145,1143,0,0,0,0,0,0,0,0,2026-03-31 19:21:18.142783
1146,1144,0,1200,0,0,0,0,0,1200,2026-03-31 19:21:18.142783
1147,1145,0,1200,0,0,0,0,0,1200,2026-03-31 19:21:18.142783
1148,1146,0,1600,0,0,0,0,0,1600,2026-03-31 19:21:18.152409
1149,1147,0,4000,0,0,0,0,0,4000,2026-03-31 19:21:18.152409
1150,1148,0,2000,0,0,0,0,0,2000,2026-03-31 19:21:18.152409
1151,1149,0,0,0,0,0,0,0,0,2026-03-31 19:21:18.152409
1152,1150,0,1200,0,0,0,0,0,1200,2026-03-31 19:21:18.152409
1153,1151,0,10100,5000,0,0,0,0,15100,2026-03-31 19:21:18.168304
1154,1152,0,3100,0,0,0,0,0,3100,2026-03-31 19:21:18.168304
1155,1153,0,400,0,0,0,0,0,400,2026-03-31 19:21:18.175962
1156,1154,0,0,0,0,0,0,0,0,2026-03-31 19:21:18.175962
1157,1155,0,3900,0,0,0,0,0,3900,2026-03-31 19:21:18.184082
1158,1156,0,6400,6000,0,0,0,0,12400,2026-03-31 19:21:18.184082
1159,1157,0,8900,4500,0,0,0,0,13400,2026-03-31 19:21:18.184082
1160,1158,0,3000,3000,0,0,0,0,6000,2026-03-31 19:21:18.184082
1161,1159,0,3200,0,0,0,0,0,3200,2026-03-31 19:21:18.184082
1162,1160,0,5200,0,0,0,0,0,5200,2026-03-31 19:21:18.202110
1163,1161,0,2000,0,0,0,0,0,2000,2026-03-31 19:21:18.204122
1164,1162,0,3800,1000,0,0,0,0,4800,2026-03-31 19:21:18.209293
1165,1163,0,8600,1000,0,0,0,0,9600,2026-03-31 19:21:18.209293
1166,1164,0,8000,0,0,0,0,0,8000,2026-03-31 19:21:18.215881
1167,1165,0,1600,0,0,0,0,0,1600,2026-03-31 19:21:18.215881
1168,1166,0,4800,0,0,0,0,0,4800,2026-03-31 19:21:18.215881
1169,1167,0,0,0,0,0,0,0,0,2026-03-31 19:21:18.215881
1170,1168,0,4400,0,0,0,0,0,4400,2026-03-31 19:21:18.225994
1171,1169,0,4800,0,0,0,0,0,4800,2026-03-31 19:21:18.231582
1172,1170,0,0,0,0,0,0,0,0,2026-03-31 19:21:18.231582
1173,1171,0,0,0,0,0,0,0,0,2026-03-31 19:21:18.231582
1174,1172,0,0,0,0,0,0,0,0,2026-03-31 19:21:18.247286
1175,1173,0,2400,0,0,0,0,0,2400,2026-03-31 19:21:18.247286
1176,1174,0,2000,0,0,0,0,0,2000,2026-03-31 19:21:18.247286
1177,1175,0,3600,0,0,0,0,0,3600,2026-03-31 19:21:18.247286
1178,1176,0,2400,0,0,0,0,0,2400,2026-03-31 19:21:18.259285
1179,1177,0,3900,0,0,0,0,0,3900,2026-03-31 19:21:18.263373
1180,1178,0,1600,0,0,0,0,0,1600,2026-03-31 19:21:18.263373
1181,1179,0,4800,0,0,0,0,0,4800,2026-03-31 19:21:18.263373
1182,1180,0,4400,0,0,0,0,0,4400,2026-03-31 19:21:18.263373
1183,1181,0,4400,0,0,0,0,0,4400,2026-03-31 19:21:18.275970
1184,1182,0,2800,0,0,0,0,0,2800,2026-03-31 19:21:18.279555
1185,1183,0,11000,3000,0,0,0,0,14000,2026-03-31 19:21:18.279555
1186,1184,0,0,0,0,0,0,0,0,2026-03-31 19:21:18.279555
1187,1185,0,2000,0,0,0,0,0,2000,2026-03-31 19:21:18.279555
1188,1186,0,1600,0,0,0,0,0,1600,2026-03-31 19:21:18.279555
1189,1187,0,10100,3800,0,0,0,0,13900,2026-03-31 19:21:18.297638
1190,1188,0,9200,3700,0,0,0,0,12900,2026-03-31 19:21:18.297638
1191,1189,0,0,0,0,0,0,0,0,2026-03-31 19:21:18.297638
1192,1190,0,8800,0,0,0,0,0,8800,2026-03-31 19:21:18.297638
1193,1191,0,3600,0,0,0,0,0,3600,2026-03-31 19:21:18.311578
1194,1192,0,2000,0,0,0,0,0,2000,2026-03-31 19:21:18.315110
1195,1193,0,700,700,0,0,0,0,1400,2026-03-31 19:21:18.318659
1196,1194,0,4300,700,0,0,0,0,5000,2026-03-31 19:21:18.320786
1197,1195,0,4200,600,0,0,0,0,4800,2026-03-31 19:21:18.320786
1198,1196,0,3400,0,0,0,0,0,3400,2026-03-31 19:21:18.327100
1199,1197,0,0,0,0,0,0,0,0,2026-03-31 19:21:18.327100
1200,1198,0,2000,0,0,0,0,0,2000,2026-03-31 19:21:18.327100
1201,1199,0,6400,0,0,0,0,0,6400,2026-03-31 19:21:18.327100
1202,1200,0,400,0,0,0,0,0,400,2026-03-31 19:21:18.342830
1203,1201,0,4000,0,0,0,0,0,4000,2026-03-31 19:21:18.345941
1204,1202,0,5600,0,0,0,0,0,5600,2026-03-31 19:21:18.345941
1205,1203,0,4600,0,0,0,0,0,4600,2026-03-31 19:21:18.345941
1206,1204,0,0,0,0,0,0,0,0,2026-03-31 19:21:18.345941
1207,1205,0,2800,2000,0,0,0,0,4800,2026-03-31 19:21:18.359585
1208,1206,0,0,0,0,0,0,0,0,2026-03-31 19:21:18.359585
1209,1207,0,0,0,0,0,0,0,0,2026-03-31 19:21:18.359585
1210,1208,0,1600,0,0,0,0,0,1600,2026-03-31 19:21:18.359585
1211,1209,0,1600,0,0,0,0,0,1600,2026-03-31 19:21:18.374611
1212,1210,0,1200,0,0,0,0,0,1200,2026-03-31 19:21:18.374611
1213,1211,0,2000,0,0,0,0,0,2000,2026-03-31 19:21:18.374611
1214,1212,0,2000,0,0,0,0,0,2000,2026-03-31 19:21:18.374611
1215,1213,0,4000,2000,0,0,0,0,6000,2026-03-31 19:21:18.374611
1216,1214,0,3500,0,0,0,0,0,3500,2026-03-31 19:21:18.390383
1217,1215,0,2000,0,0,0,0,0,2000,2026-03-31 19:21:18.390383
1218,1216,0,0,0,0,0,0,0,0,2026-03-31 19:21:18.396140
1219,1217,0,0,0,0,0,0,0,0,2026-03-31 19:21:18.396140
1220,1218,0,2400,0,0,0,0,0,2400,2026-03-31 19:21:18.407489
1221,1219,0,11300,7300,0,0,0,0,18600,2026-03-31 19:21:18.407489
1222,1220,0,9800,2000,0,0,0,0,11800,2026-03-31 19:21:18.407489
1223,1221,0,0,0,0,0,0,0,0,2026-03-31 19:21:18.407489
1224,1222,0,2400,0,0,0,0,0,2400,2026-03-31 19:21:18.407489
1225,1223,0,6800,0,0,0,0,0,6800,2026-03-31 19:21:18.421896
1226,1224,0,5600,0,0,0,0,0,5600,2026-03-31 19:21:18.421896
1227,1225,0,0,0,0,0,0,0,0,2026-03-31 19:21:18.421896
1228,1226,0,0,0,0,0,0,0,0,2026-03-31 19:21:18.421896
1229,1227,0,11300,7700,0,0,0,0,19000,2026-03-31 19:21:18.421896
1230,1228,0,15300,7700,0,0,0,0,23000,2026-03-31 19:21:18.437786
1231,1229,0,0,0,0,0,0,0,0,2026-03-31 19:21:18.437786
1232,1230,0,2000,0,0,0,0,0,2000,2026-03-31 19:21:18.446351
1233,1231,0,2400,0,0,0,0,0,2400,2026-03-31 19:21:18.446351
1234,1232,0,11100,0,0,0,0,0,11100,2026-03-31 19:21:18.453494
1235,1233,0,0,0,0,0,0,0,0,2026-03-31 19:21:18.453494
1236,1234,0,1600,0,0,0,0,0,1600,2026-03-31 19:21:18.453494
1237,1235,0,6800,0,0,0,0,0,6800,2026-03-31 19:21:18.453494
1238,1236,0,2800,0,0,0,0,0,2800,2026-03-31 19:21:18.453494
1239,1237,0,3600,0,0,0,0,0,3600,2026-03-31 19:21:18.469539
1240,1238,0,1200,0,0,0,0,0,1200,2026-03-31 19:21:18.469539
1241,1239,0,4800,0,0,0,0,0,4800,2026-03-31 19:21:18.469539
1242,1240,0,3600,0,0,0,0,0,3600,2026-03-31 19:21:18.469539
1243,1241,0,0,0,0,0,0,0,0,2026-03-31 19:21:18.469539
1244,1242,0,3300,0,0,0,0,0,3300,2026-03-31 19:23:54.646275
1245,1243,0,3200,0,0,0,0,0,3200,2026-03-31 19:23:54.659183
1246,1244,0,10200,0,0,0,0,0,10200,2026-03-31 19:23:54.659183
1247,1245,0,10000,0,0,0,0,0,10000,2026-03-31 19:23:54.659183
1248,1246,0,3400,0,0,0,0,0,3400,2026-03-31 19:23:54.659183
1249,1247,0,0,0,0,0,0,0,0,2026-03-31 19:23:54.673164
1250,1248,0,5300,0,0,0,0,0,5300,2026-03-31 19:23:54.677961
1251,1249,0,5000,0,0,0,0,0,5000,2026-03-31 19:23:54.677961
1252,1250,0,8100,0,0,0,0,0,8100,2026-03-31 19:23:54.677961
1253,1251,0,4300,0,0,0,0,0,4300,2026-03-31 19:23:54.689050
1254,1252,0,5200,0,0,0,0,0,5200,2026-03-31 19:23:54.694732
1255,1253,0,0,0,0,0,0,0,0,2026-03-31 19:23:54.694732
1256,1254,0,4300,0,0,0,0,0,4300,2026-03-31 19:23:54.694732
1257,1255,0,6500,2000,0,0,0,0,8500,2026-03-31 19:23:54.704829
1258,1256,0,1900,0,0,0,0,0,1900,2026-03-31 19:23:54.704829
1259,1257,0,0,0,0,0,0,0,0,2026-03-31 19:23:54.704829
1260,1258,0,0,0,0,0,0,0,0,2026-03-31 19:23:54.704829
1261,1259,0,4200,0,0,0,0,0,4200,2026-03-31 19:23:54.704829
1262,1260,0,12100,0,0,0,0,0,12100,2026-03-31 19:23:54.720653
1263,1261,0,11000,0,0,0,0,0,11000,2026-03-31 19:23:54.720653
1264,1262,0,4600,0,0,0,0,0,4600,2026-03-31 19:23:54.720653
1265,1263,0,500,0,0,0,0,0,500,2026-03-31 19:23:54.720653
1266,1264,0,500,0,0,0,0,0,500,2026-03-31 19:23:54.736772
1267,1265,0,3900,0,0,0,0,0,3900,2026-03-31 19:23:54.736772
1268,1266,0,3900,0,0,0,0,0,3900,2026-03-31 19:23:54.744932
1269,1267,0,1500,0,0,0,0,0,1500,2026-03-31 19:23:54.744932
1270,1268,0,1500,0,0,0,0,0,1500,2026-03-31 19:23:54.752560
1271,1269,0,0,0,0,0,0,0,0,2026-03-31 19:23:54.752560
1272,1270,0,7000,0,0,0,0,0,7000,2026-03-31 19:23:54.752560
1273,1271,0,4900,0,0,0,0,0,4900,2026-03-31 19:23:54.752560
1274,1272,0,0,0,0,0,0,0,0,2026-03-31 19:23:54.768580
1275,1273,0,400,0,0,0,0,0,400,2026-03-31 19:23:54.768580
1276,1274,0,5000,0,0,0,0,0,5000,2026-03-31 19:23:54.768580
1277,1275,0,5000,0,0,0,0,0,5000,2026-03-31 19:23:54.768580
1278,1276,0,1000,0,0,0,0,0,1000,2026-03-31 19:23:54.784341
1279,1277,0,0,0,0,0,0,0,0,2026-03-31 19:23:54.784341
1280,1278,0,1200,0,0,0,0,0,1200,2026-03-31 19:23:54.784341
1281,1279,0,0,0,0,0,0,0,0,2026-03-31 19:23:54.784341
1282,1280,0,8100,0,0,0,0,0,8100,2026-03-31 19:23:54.784341
1283,1281,0,4000,0,0,0,0,0,4000,2026-03-31 19:23:54.800070
1284,1282,0,9600,0,0,0,0,0,9600,2026-03-31 19:23:54.800070
1285,1283,0,800,0,0,0,0,0,800,2026-03-31 19:23:54.800070
1286,1284,0,11700,5000,0,0,0,0,16700,2026-03-31 19:23:54.800070
1287,1285,0,3200,0,0,0,0,0,3200,2026-03-31 19:23:54.816143
1288,1286,0,2400,0,0,0,0,0,2400,2026-03-31 19:23:54.818158
1289,1287,0,2400,0,0,0,0,0,2400,2026-03-31 19:23:54.818158
1290,1288,0,3600,0,0,0,0,0,3600,2026-03-31 19:23:54.818158
1291,1289,0,0,0,0,0,0,0,0,2026-03-31 19:23:54.818158
1292,1290,0,0,0,0,0,0,0,0,2026-03-31 19:23:54.831914
1293,1291,0,0,0,0,0,0,0,0,2026-03-31 19:23:54.831914
1294,1292,0,2400,0,0,0,0,0,2400,2026-03-31 19:23:54.831914
1295,1293,0,8000,0,0,0,0,0,8000,2026-03-31 19:23:54.831914
1296,1294,0,9700,0,0,0,0,0,9700,2026-03-31 19:23:54.848009
1297,1295,0,5700,0,0,0,0,0,5700,2026-03-31 19:23:54.848009
1298,1296,0,0,0,0,0,0,0,0,2026-03-31 19:23:54.848009
1299,1297,0,0,0,0,0,0,0,0,2026-03-31 19:23:54.848009
1300,1298,0,0,0,0,0,0,0,0,2026-03-31 19:23:54.863767
1301,1299,0,4000,0,0,0,0,0,4000,2026-03-31 19:23:54.863767
1302,1300,0,3200,0,0,0,0,0,3200,2026-03-31 19:23:54.863767
1303,1301,0,800,0,0,0,0,0,800,2026-03-31 19:23:54.863767
1304,1302,0,2000,0,0,0,0,0,2000,2026-03-31 19:23:54.863767
1305,1303,0,1200,0,0,0,0,0,1200,2026-03-31 19:23:54.879708
1306,1304,0,800,0,0,0,0,0,800,2026-03-31 19:23:54.879708
1307,1305,0,0,0,0,0,0,0,0,2026-03-31 19:23:54.879708
1308,1306,0,1600,0,0,0,0,0,1600,2026-03-31 19:23:54.879708
1309,1307,0,1600,0,0,0,0,0,1600,2026-03-31 19:23:54.895889
1310,1308,0,6800,2800,0,0,0,0,9600,2026-03-31 19:23:54.895889
1311,1309,0,5100,2800,0,0,0,0,7900,2026-03-31 19:23:54.895889
1312,1310,0,0,0,0,0,0,0,0,2026-03-31 19:23:54.895889
1313,1311,0,5000,0,0,0,0,0,5000,2026-03-31 19:23:54.895889
1314,1312,0,6000,0,0,0,0,0,6000,2026-03-31 19:23:54.911795
1315,1313,0,2600,0,0,0,0,0,2600,2026-03-31 19:23:54.911795
1316,1314,0,4800,0,0,0,0,0,4800,2026-03-31 19:23:54.911795
1317,1315,0,0,0,0,0,0,0,0,2026-03-31 19:23:54.911795
1318,1316,0,0,0,0,0,0,0,0,2026-03-31 19:23:54.927816
1319,1317,0,400,0,0,0,0,0,400,2026-03-31 19:23:54.927816
1320,1318,0,1600,0,0,0,0,0,1600,2026-03-31 19:23:54.927816
1321,1319,0,2000,0,0,0,0,0,2000,2026-03-31 19:23:54.927816
1322,1320,0,2000,0,0,0,0,0,2000,2026-03-31 19:23:54.927816
1323,1321,0,1600,0,0,0,0,0,1600,2026-03-31 19:23:54.943795
1324,1322,0,2900,0,0,0,0,0,2900,2026-03-31 19:23:54.947597
1325,1323,0,2700,0,0,0,0,0,2700,2026-03-31 19:23:54.951806
1326,1324,0,800,0,0,0,0,0,800,2026-03-31 19:23:54.955365
1327,1325,0,3800,3000,0,0,0,0,6800,2026-03-31 19:23:54.957496
1328,1326,0,4800,0,0,0,0,0,4800,2026-03-31 19:23:54.959508
1329,1327,0,400,0,0,0,0,0,400,2026-03-31 19:23:54.959508
1330,1328,0,6400,0,0,0,0,0,6400,2026-03-31 19:23:54.959508
1331,1329,0,5600,0,0,0,0,0,5600,2026-03-31 19:23:54.959508
1332,1330,0,0,0,0,0,0,0,0,2026-03-31 19:23:54.975629
1333,1331,0,0,0,0,0,0,0,0,2026-03-31 19:23:54.975629
1334,1332,0,1200,0,0,0,0,0,1200,2026-03-31 19:23:54.975629
1335,1333,0,3000,0,0,0,0,0,3000,2026-03-31 19:23:54.975629
1336,1334,0,2800,0,0,0,0,0,2800,2026-03-31 19:23:54.991723
1337,1335,0,9500,0,0,0,0,0,9500,2026-03-31 19:23:54.991723
1338,1336,0,4600,0,0,0,0,0,4600,2026-03-31 19:23:54.991723
1339,1337,0,2400,0,0,0,0,0,2400,2026-03-31 19:23:54.991723
1340,1338,0,1200,0,0,0,0,0,1200,2026-03-31 19:23:54.991723
1341,1339,0,1600,0,0,0,0,0,1600,2026-03-31 19:23:55.007888
1342,1340,0,0,0,0,0,0,0,0,2026-03-31 19:23:55.007888
1343,1341,0,2000,0,0,0,0,0,2000,2026-03-31 19:23:55.007888
1344,1342,0,1900,0,0,0,0,0,1900,2026-03-31 19:23:55.007888
1345,1343,0,3200,0,0,0,0,0,3200,2026-03-31 19:23:55.024004
1346,1344,0,4400,0,0,0,0,0,4400,2026-03-31 19:23:55.024004
1347,1345,0,1600,0,0,0,0,0,1600,2026-03-31 19:23:55.024004
1348,1346,0,0,0,0,0,0,0,0,2026-03-31 19:23:55.024004
1349,1347,0,2000,0,0,0,0,0,2000,2026-03-31 19:23:55.039810
1350,1348,0,0,0,0,0,0,0,0,2026-03-31 19:23:55.039810
1351,1349,0,3600,0,0,0,0,0,3600,2026-03-31 19:23:55.039810
1352,1350,0,1600,0,0,0,0,0,1600,2026-03-31 19:23:55.039810
1353,1351,0,0,0,0,0,0,0,0,2026-03-31 19:23:55.039810
1354,1352,0,0,0,0,0,0,0,0,2026-03-31 19:23:55.055555
1355,1353,0,0,0,0,0,0,0,0,2026-03-31 19:23:55.058452
1356,1354,0,0,0,0,0,0,0,0,2026-03-31 19:23:55.061124
1357,1355,0,0,0,0,0,0,0,0,2026-03-31 19:23:55.071717
1358,1356,0,0,0,0,0,0,0,0,2026-03-31 19:23:55.071717
1359,1357,0,0,0,0,0,0,0,0,2026-03-31 19:23:55.071717
1360,1358,0,0,0,0,0,0,0,0,2026-03-31 19:23:55.071717
1361,1359,0,2400,0,0,0,0,0,2400,2026-03-31 19:23:55.087748
1362,1360,0,1600,0,0,0,0,0,1600,2026-03-31 19:23:55.087748
1363,1361,0,1600,0,0,0,0,0,1600,2026-03-31 19:23:55.087748
1364,1362,0,3600,0,0,0,0,0,3600,2026-03-31 19:23:55.087748
1365,1363,0,2800,0,0,0,0,0,2800,2026-03-31 19:23:55.087748
1366,1364,0,0,0,0,0,0,0,0,2026-03-31 19:23:55.103903
1367,1365,0,7900,0,0,0,0,0,7900,2026-03-31 19:23:55.103903
1368,1366,0,400,0,0,0,0,0,400,2026-03-31 19:23:55.109048
1369,1367,0,8400,0,0,0,0,0,8400,2026-03-31 19:23:55.109048
1370,1368,0,5900,0,0,0,0,0,5900,2026-03-31 19:23:55.109048
1371,1369,0,800,0,0,0,0,0,800,2026-03-31 19:23:55.120070
1372,1370,0,0,0,0,0,0,0,0,2026-03-31 19:23:55.120070
1373,1371,0,0,0,0,0,0,0,0,2026-03-31 19:23:55.120070
1374,1372,0,0,0,0,0,0,0,0,2026-03-31 19:23:55.120070
1375,1373,0,0,0,0,0,0,0,0,2026-03-31 19:23:55.120070
1376,1374,0,1900,0,0,0,0,0,1900,2026-03-31 19:23:55.136244
1377,1375,0,3100,0,0,0,0,0,3100,2026-03-31 19:23:55.136244
1378,1376,0,2000,0,0,0,0,0,2000,2026-03-31 19:23:55.136244
1379,1377,0,0,0,0,0,0,0,0,2026-03-31 19:23:55.136244
1380,1378,0,6400,0,0,0,0,0,6400,2026-03-31 19:23:55.152405
1381,1379,0,2400,0,0,0,0,0,2400,2026-03-31 19:23:55.152405
1382,1380,0,4700,0,0,0,0,0,4700,2026-03-31 19:23:55.159321
1383,1381,0,1600,0,0,0,0,0,1600,2026-03-31 19:23:55.159321
1384,1382,0,3200,0,0,0,0,0,3200,2026-03-31 19:23:55.159321
1385,1383,0,4400,2000,0,0,0,0,6400,2026-03-31 19:26:30.784549
1386,1384,0,400,0,0,0,0,0,400,2026-03-31 19:26:30.784549
1387,1385,0,0,0,0,0,0,0,0,2026-03-31 19:26:30.784549
1388,1386,0,0,0,0,0,0,0,0,2026-03-31 19:26:30.802940
1389,1387,0,0,0,0,0,0,0,0,2026-03-31 19:26:30.802940
1390,1388,0,7200,0,0,0,0,0,7200,2026-03-31 19:26:30.802940
1391,1389,0,5600,0,0,0,0,0,5600,2026-03-31 19:26:30.816580
1392,1390,0,4000,0,0,0,0,0,4000,2026-03-31 19:26:30.816580
1393,1391,0,0,0,0,0,0,0,0,2026-03-31 19:26:30.816580
1394,1392,0,0,0,0,0,0,0,0,2026-03-31 19:26:30.816580
1395,1393,0,1600,0,0,0,0,0,1600,2026-03-31 19:26:30.832617
1396,1394,0,1200,0,0,0,0,0,1200,2026-03-31 19:26:30.832617
1397,1395,0,2800,0,0,0,0,0,2800,2026-03-31 19:26:30.832617
1398,1396,0,7200,0,0,0,0,0,7200,2026-03-31 19:26:30.832617
1399,1397,0,1200,0,0,0,0,0,1200,2026-03-31 19:26:30.832617
1400,1398,0,5600,0,0,0,0,0,5600,2026-03-31 19:26:30.848787
1401,1399,0,4800,0,0,0,0,0,4800,2026-03-31 19:26:30.853453
1402,1400,0,7900,0,0,0,0,0,7900,2026-03-31 19:26:30.853453
1403,1401,0,4300,0,0,0,0,0,4300,2026-03-31 19:26:30.853453
1404,1402,0,1200,0,0,0,0,0,1200,2026-03-31 19:26:30.864523
1405,1403,0,0,0,0,0,0,0,0,2026-03-31 19:26:30.864523
1406,1404,0,400,0,0,0,0,0,400,2026-03-31 19:26:30.864523
1407,1405,0,1400,200,0,0,0,0,1600,2026-03-31 19:26:30.864523
1408,1406,0,5200,0,0,0,0,0,5200,2026-03-31 19:26:30.880245
1409,1407,0,6800,6400,0,0,0,0,13200,2026-03-31 19:26:30.880245
1410,1408,0,400,0,0,0,0,0,400,2026-03-31 19:26:30.880245
1411,1409,0,0,0,0,0,0,0,0,2026-03-31 19:26:30.880245
1412,1410,0,2000,0,0,0,0,0,2000,2026-03-31 19:26:30.896126
1413,1411,0,2000,0,0,0,0,0,2000,2026-03-31 19:26:30.896126
1414,1412,0,1200,0,0,0,0,0,1200,2026-03-31 19:26:30.896126
1415,1413,0,0,0,0,0,0,0,0,2026-03-31 19:26:30.896126
1416,1414,0,0,0,0,0,0,0,0,2026-03-31 19:26:30.896126
1417,1415,0,4400,0,0,0,0,0,4400,2026-03-31 19:26:30.913084
1418,1416,0,8000,0,0,0,0,0,8000,2026-03-31 19:26:30.913084
1419,1417,0,6400,0,0,0,0,0,6400,2026-03-31 19:26:30.913084
1420,1418,0,1600,0,0,0,0,0,1600,2026-03-31 19:26:30.913084
1421,1419,0,0,0,0,0,0,0,0,2026-03-31 19:26:30.928157
1422,1420,0,8000,4000,0,0,0,0,12000,2026-03-31 19:26:30.928157
1423,1421,0,5200,0,0,0,0,0,5200,2026-03-31 19:26:30.928157
1424,1422,0,2800,0,0,0,0,0,2800,2026-03-31 19:26:30.928157
1425,1423,0,0,0,0,0,0,0,0,2026-03-31 19:26:30.944276
1426,1424,0,0,0,0,0,0,0,0,2026-03-31 19:26:30.944276
1427,1425,0,800,0,0,0,0,0,800,2026-03-31 19:26:30.944276
1428,1426,0,8400,0,0,0,0,0,8400,2026-03-31 19:26:30.944276
1429,1427,0,1200,0,0,0,0,0,1200,2026-03-31 19:26:30.944276
1430,1428,0,2400,0,0,0,0,0,2400,2026-03-31 19:26:30.962609
1431,1429,0,2000,0,0,0,0,0,2000,2026-03-31 19:26:30.966379
1432,1430,0,0,0,0,0,0,0,0,2026-03-31 19:26:30.970407
1433,1431,0,0,0,0,0,0,0,0,2026-03-31 19:26:30.974434
1434,1432,0,0,0,0,0,0,0,0,2026-03-31 19:26:30.978205
1435,1433,0,0,0,0,0,0,0,0,2026-03-31 19:26:30.982233
1436,1434,0,1200,0,0,0,0,0,1200,2026-03-31 19:26:30.986260
1437,1435,0,800,0,0,0,0,0,800,2026-03-31 19:26:30.990287
1438,1436,0,4800,0,0,0,0,0,4800,2026-03-31 19:26:30.994063
1439,1437,0,4400,0,0,0,0,0,4400,2026-03-31 19:26:30.998094
1440,1438,0,0,0,0,0,0,0,0,2026-03-31 19:26:31.004137
1441,1439,0,0,0,0,0,0,0,0,2026-03-31 19:26:31.007165
1442,1440,0,0,0,0,0,0,0,0,2026-03-31 19:26:31.010782
1443,1441,0,2000,0,0,0,0,0,2000,2026-03-31 19:26:31.012796
1444,1442,0,1200,0,0,0,0,0,1200,2026-03-31 19:26:31.016823
1445,1443,0,2400,0,0,0,0,0,2400,2026-03-31 19:26:31.020851
1446,1444,0,1100,0,0,0,0,0,1100,2026-03-31 19:26:31.023879
1447,1445,0,1200,0,0,0,0,0,1200,2026-03-31 19:26:31.027906
1448,1446,0,2000,0,0,0,0,0,2000,2026-03-31 19:26:31.031934
1449,1447,0,1600,0,0,0,0,0,1600,2026-03-31 19:26:31.033948
1450,1448,0,2000,0,0,0,0,0,2000,2026-03-31 19:26:31.037976
1451,1449,0,1200,0,0,0,0,0,1200,2026-03-31 19:26:31.041746
1452,1450,0,8000,0,0,0,0,0,8000,2026-03-31 19:26:31.045773
1453,1451,0,800,0,0,0,0,0,800,2026-03-31 19:26:31.047786
1454,1452,0,2800,0,0,0,0,0,2800,2026-03-31 19:26:31.051814
1455,1453,0,1200,0,0,0,0,0,1200,2026-03-31 19:26:31.055584
1456,1454,0,4400,2000,0,0,0,0,6400,2026-03-31 19:26:31.059613
1457,1455,0,1200,0,0,0,0,0,1200,2026-03-31 19:26:31.063640
1458,1456,0,4000,0,0,0,0,0,4000,2026-03-31 19:26:31.065654
1459,1457,0,2000,0,0,0,0,0,2000,2026-03-31 19:26:31.071436
1460,1458,0,0,0,0,0,0,0,0,2026-03-31 19:26:31.073450
1461,1459,0,0,0,0,0,0,0,0,2026-03-31 19:26:31.077478
1462,1460,0,0,0,0,0,0,0,0,2026-03-31 19:26:31.081505
1463,1461,0,800,0,0,0,0,0,800,2026-03-31 19:26:31.083518
1464,1462,0,2800,0,0,0,0,0,2800,2026-03-31 19:26:31.087290
1465,1463,0,3200,0,0,0,0,0,3200,2026-03-31 19:26:31.091319
1466,1464,0,1600,0,0,0,0,0,1600,2026-03-31 19:26:31.095346
1467,1465,0,4800,0,0,0,0,0,4800,2026-03-31 19:26:31.097360
1468,1466,0,1600,0,0,0,0,0,1600,2026-03-31 19:26:31.101387
1469,1467,0,3600,0,0,0,0,0,3600,2026-03-31 19:26:31.105158
1470,1468,0,4800,0,0,0,0,0,4800,2026-03-31 19:26:31.107172
1471,1469,0,0,0,0,0,0,0,0,2026-03-31 19:26:31.111216
1472,1470,0,0,0,0,0,0,0,0,2026-03-31 19:26:31.115243
1473,1471,0,400,0,0,0,0,0,400,2026-03-31 19:26:31.119013
1474,1472,0,800,0,0,0,0,0,800,2026-03-31 19:26:31.121028
1475,1473,0,3200,2000,0,0,0,0,5200,2026-03-31 19:26:31.125055
1476,1474,0,0,0,0,0,0,0,0,2026-03-31 19:26:31.129084
1477,1475,0,0,0,0,0,0,0,0,2026-03-31 19:26:31.131097
1478,1476,0,0,0,0,0,0,0,0,2026-03-31 19:26:31.135905
1479,1477,0,6800,2000,0,0,0,0,8800,2026-03-31 19:26:31.139907
1480,1478,0,4400,0,0,0,0,0,4400,2026-03-31 19:26:31.143887
1481,1479,0,4300,0,0,0,0,0,4300,2026-03-31 19:26:31.147856
1482,1480,0,6000,0,0,0,0,0,6000,2026-03-31 19:26:31.151347
1483,1481,0,0,0,0,0,0,0,0,2026-03-31 19:26:31.153361
1484,1482,0,0,0,0,0,0,0,0,2026-03-31 19:26:31.157389
1485,1483,0,3200,0,0,0,0,0,3200,2026-03-31 19:26:31.161416
1486,1484,0,700,0,0,0,0,0,700,2026-03-31 19:26:31.163431
1487,1485,0,2800,0,0,0,0,0,2800,2026-03-31 19:26:31.167459
1488,1486,0,400,0,0,0,0,0,400,2026-03-31 19:26:31.171488
1489,1487,0,400,0,0,0,0,0,400,2026-03-31 19:26:31.175516
1490,1488,0,400,0,0,0,0,0,400,2026-03-31 19:26:31.179544
1491,1489,0,4000,0,0,0,0,0,4000,2026-03-31 19:26:31.183315
1492,1490,0,3200,0,0,0,0,0,3200,2026-03-31 19:26:31.185329
1493,1491,0,2400,0,0,0,0,0,2400,2026-03-31 19:26:31.189356
1494,1492,0,0,0,0,0,0,0,0,2026-03-31 19:26:31.191370
1495,1493,0,0,0,0,0,0,0,0,2026-03-31 19:26:31.197154
1496,1494,0,800,0,0,0,0,0,800,2026-03-31 19:26:31.201181
1497,1495,0,1200,0,0,0,0,0,1200,2026-03-31 19:26:31.205209
1498,1496,0,6100,3700,0,0,0,0,9800,2026-03-31 19:26:31.207223
1499,1497,0,4000,0,0,0,0,0,4000,2026-03-31 19:26:31.211251
1500,1498,0,0,0,0,0,0,0,0,2026-03-31 19:26:31.217037
1501,1499,0,0,0,0,0,0,0,0,2026-03-31 19:26:31.219564
1502,1500,0,6400,0,0,0,0,0,6400,2026-03-31 19:26:31.223591
1503,1501,0,6900,2000,0,0,0,0,8900,2026-03-31 19:26:31.225605
1504,1502,0,800,0,0,0,0,0,800,2026-03-31 19:26:31.231146
1505,1503,0,6300,0,0,0,0,0,6300,2026-03-31 19:26:31.235178
1506,1504,0,7200,0,0,0,0,0,7200,2026-03-31 19:26:31.237192
1507,1505,0,8800,0,0,0,0,0,8800,2026-03-31 19:26:31.241219
1508,1506,0,0,0,0,0,0,0,0,2026-03-31 19:26:31.247004
1509,1507,0,0,0,0,0,0,0,0,2026-03-31 19:26:31.251032
1510,1508,0,0,0,0,0,0,0,0,2026-03-31 19:26:31.255059
1511,1509,0,2400,0,0,0,0,0,2400,2026-03-31 19:26:31.259088
1512,1510,0,1600,0,0,0,0,0,1600,2026-03-31 19:26:31.260846
1513,1511,0,4400,0,0,0,0,0,4400,2026-03-31 19:26:31.264874
1514,1512,0,3200,0,0,0,0,0,3200,2026-03-31 19:26:31.268902
1515,1513,0,1600,0,0,0,0,0,1600,2026-03-31 19:26:31.271930
1516,1514,0,1600,0,0,0,0,0,1600,2026-03-31 19:26:31.275958
1517,1515,0,1200,0,0,0,0,0,1200,2026-03-31 19:26:31.278986
1518,1516,0,0,0,0,0,0,0,0,2026-03-31 19:26:31.283014
1519,1517,0,2400,0,0,0,0,0,2400,2026-03-31 19:26:31.285028
1520,1518,0,1200,0,0,0,0,0,1200,2026-03-31 19:26:31.289056
1521,1519,0,2400,0,0,0,0,0,2400,2026-03-31 19:26:31.292827
1522,1520,0,2000,0,0,0,0,0,2000,2026-03-31 19:26:31.294842
1523,1521,0,4800,0,0,0,0,0,4800,2026-03-31 19:26:31.298870
1524,1522,0,1600,0,0,0,0,0,1600,2026-03-31 19:26:31.302897
1525,1523,0,3900,0,0,0,0,0,3900,2026-03-31 19:26:31.304910
1526,1524,0,3100,0,0,0,0,0,3100,2026-03-31 19:26:31.310698
1527,1525,0,3200,3200,0,0,0,0,6400,2026-03-31 19:26:31.312712
1528,1526,0,4000,0,0,0,0,0,4000,2026-03-31 19:26:31.316741
1529,1527,0,5200,0,0,0,0,0,5200,2026-03-31 19:26:31.320268
1530,1528,0,2800,0,0,0,0,0,2800,2026-03-31 19:26:31.324297
1531,1529,0,4300,0,0,0,0,0,4300,2026-03-31 19:26:31.328327
1532,1530,0,1200,0,0,0,0,0,1200,2026-03-31 19:26:31.330342
1533,1531,0,1800,0,0,0,0,0,1800,2026-03-31 19:26:31.334369
1534,1532,0,1200,0,0,0,0,0,1200,2026-03-31 19:26:31.338397
1535,1533,0,0,0,0,0,0,0,0,2026-03-31 19:26:31.342168
1536,1534,0,1200,0,0,0,0,0,1200,2026-03-31 19:26:31.344182
1537,1535,0,4900,500,0,0,0,0,5400,2026-03-31 19:26:31.348209
1538,1536,0,800,0,0,0,0,0,800,2026-03-31 19:26:31.352237
1539,1537,0,4800,0,0,0,0,0,4800,2026-03-31 19:26:31.354251
1540,1538,0,6000,3200,0,0,0,0,9200,2026-03-31 19:26:31.359489
1541,1539,0,0,0,0,0,0,0,0,2026-03-31 19:26:31.363477
1542,1540,0,0,0,0,0,0,0,0,2026-03-31 19:26:31.366856
1543,1541,0,1200,0,0,0,0,0,1200,2026-03-31 19:26:31.370469
1544,1542,0,3600,3300,0,0,0,0,6900,2026-03-31 19:26:31.373997
1545,1543,0,1200,0,0,0,0,0,1200,2026-03-31 19:26:31.376011
1546,1544,0,0,0,0,0,0,0,0,2026-03-31 19:26:31.378024
1547,1545,0,800,0,0,0,0,0,800,2026-04-02 03:16:30.726488
1548,1546,0,2000,0,0,0,0,0,2000,2026-04-02 03:16:30.732573
1549,1547,0,1200,0,0,0,0,0,1200,2026-04-02 03:16:30.736602
1550,1548,0,2000,0,0,0,0,0,2000,2026-04-02 03:16:30.746668
1551,1549,0,9000,2600,0,0,0,0,11600,2026-04-02 03:16:30.752540
1552,1550,0,8000,0,0,0,0,0,8000,2026-04-02 03:16:30.756569
1553,1551,0,9400,3000,0,0,0,0,12400,2026-04-02 03:16:30.762613
1554,1552,0,0,0,0,0,0,0,0,2026-04-02 03:16:30.768399
1555,1553,0,6200,0,0,0,0,0,6200,2026-04-02 03:16:30.772427
1556,1554,0,1700,0,0,0,0,0,1700,2026-04-02 03:16:30.774442
1557,1555,0,3400,0,0,0,0,0,3400,2026-04-02 03:16:30.778472
1558,1556,0,2100,0,0,0,0,0,2100,2026-04-02 03:16:30.784262
1559,1557,0,2700,0,0,0,0,0,2700,2026-04-02 03:16:30.788291
1560,1558,0,2800,0,0,0,0,0,2800,2026-04-02 03:16:30.792319
1561,1559,0,1600,0,0,0,0,0,1600,2026-04-02 03:16:30.796346
1562,1560,0,0,0,0,0,0,0,0,2026-04-02 03:16:30.802137
1563,1561,0,400,0,0,0,0,0,400,2026-04-02 03:16:30.806167
1564,1562,0,0,0,0,0,0,0,0,2026-04-02 03:16:30.812210
1565,1563,0,0,0,0,0,0,0,0,2026-04-02 03:16:30.816253
1566,1564,0,6200,2600,0,0,0,0,8800,2026-04-02 03:16:30.818266
1567,1565,0,8750,4050,0,0,0,0,12800,2026-04-02 03:16:30.824307
1568,1566,0,2800,0,0,0,0,0,2800,2026-04-02 03:16:30.830090
1569,1567,0,5650,1250,0,0,0,0,6900,2026-04-02 03:16:30.832105
1570,1568,0,3100,0,0,0,0,0,3100,2026-04-02 03:16:30.836133
1571,1569,0,1900,0,0,0,0,0,1900,2026-04-02 03:16:30.840160
1572,1570,0,10000,0,0,0,0,0,10000,2026-04-02 03:16:30.844187
1573,1571,0,2500,0,0,0,0,0,2500,2026-04-02 03:16:30.847958
1574,1572,0,3000,0,0,0,0,0,3000,2026-04-02 03:16:30.851985
1575,1573,0,500,0,0,0,0,0,500,2026-04-02 03:16:30.856012
1576,1574,0,1500,0,0,0,0,0,1500,2026-04-02 03:16:30.860039
1577,1575,0,2400,0,0,0,0,0,2400,2026-04-02 03:16:30.865826
1578,1576,0,1000,0,0,0,0,0,1000,2026-04-02 03:16:30.869853
1579,1577,0,0,0,0,0,0,0,0,2026-04-02 03:16:30.873881
1580,1578,0,2000,0,0,0,0,0,2000,2026-04-02 03:16:30.877651
1581,1579,0,5300,0,0,0,0,0,5300,2026-04-02 03:16:30.881679
1582,1580,0,0,0,0,0,0,0,0,2026-04-02 03:16:30.883693
1583,1581,0,2000,0,0,0,0,0,2000,2026-04-02 03:16:30.887720
1584,1582,0,1000,0,0,0,0,0,1000,2026-04-02 03:16:30.897533
1585,1583,0,0,0,0,0,0,0,0,2026-04-02 03:16:30.903573
1586,1584,0,0,0,0,0,0,0,0,2026-04-02 03:16:30.907602
1587,1585,0,2000,0,0,0,0,0,2000,2026-04-02 03:16:30.911374
1588,1586,0,5800,0,0,0,0,0,5800,2026-04-02 03:16:30.915401
1589,1587,0,4500,0,0,0,0,0,4500,2026-04-02 03:16:30.921441
1590,1588,0,0,0,0,0,0,0,0,2026-04-02 03:16:30.923455
1591,1589,0,0,0,0,0,0,0,0,2026-04-02 03:16:30.927228
1592,1590,0,3500,0,0,0,0,0,3500,2026-04-02 03:16:30.931255
1593,1591,0,2000,0,0,0,0,0,2000,2026-04-02 03:16:30.935282
1594,1592,0,1000,0,0,0,0,0,1000,2026-04-02 03:16:30.937295
1595,1593,0,800,0,0,0,0,0,800,2026-04-02 03:16:30.941879
1596,1594,0,1500,0,0,0,0,0,1500,2026-04-02 03:16:30.942678
1597,1595,0,0,0,0,0,0,0,0,2026-04-02 03:16:30.942678
1598,1596,0,5000,0,0,0,0,0,5000,2026-04-02 03:16:30.942678
1599,1597,0,7000,6000,0,0,0,0,13000,2026-04-02 03:16:30.942678
1600,1598,0,0,0,0,0,0,0,0,2026-04-02 03:16:30.958140
1601,1599,0,5500,1000,0,0,0,0,6500,2026-04-02 03:16:30.965230
1602,1600,0,0,0,0,0,0,0,0,2026-04-02 03:16:30.965230
1603,1601,0,2000,1000,0,0,0,0,3000,2026-04-02 03:16:30.973285
1604,1602,0,0,0,0,0,0,0,0,2026-04-02 03:16:30.975052
1605,1603,0,0,0,0,0,0,0,0,2026-04-02 03:16:30.981643
1606,1604,0,3000,0,0,0,0,0,3000,2026-04-02 03:16:30.981643
1607,1605,0,7600,0,0,0,0,0,7600,2026-04-02 03:16:30.992100
1608,1606,0,7800,0,0,0,0,0,7800,2026-04-02 03:16:30.992100
1609,1607,0,0,0,0,0,0,0,0,2026-04-02 03:16:30.998254
1610,1608,0,500,0,0,0,0,0,500,2026-04-02 03:16:30.998254
1611,1609,0,1000,0,0,0,0,0,1000,2026-04-02 03:16:30.998254
1612,1610,0,2000,0,0,0,0,0,2000,2026-04-02 03:16:30.998254
1613,1611,0,0,0,0,0,0,0,0,2026-04-02 03:16:30.998254
1614,1612,0,8900,2000,0,0,0,0,10900,2026-04-02 03:16:31.015754
1615,1613,0,9000,500,0,0,0,0,9500,2026-04-02 03:16:31.015754
1616,1614,0,7500,1000,0,0,0,0,8500,2026-04-02 03:16:31.015754
1617,1615,0,4500,2000,0,0,0,0,6500,2026-04-02 03:16:31.015754
1618,1616,0,0,0,0,0,0,0,0,2026-04-02 03:16:31.015754
1619,1617,0,9600,1000,0,0,0,0,10600,2026-04-02 03:16:31.030342
1620,1618,0,0,0,0,0,0,0,0,2026-04-02 03:16:31.030342
1621,1619,0,33400,33000,0,0,0,0,66400,2026-04-02 03:16:31.030342
1622,1620,0,11500,6000,0,0,0,0,17500,2026-04-02 03:16:31.030342
1623,1621,0,8000,500,0,0,0,0,8500,2026-04-02 03:16:31.046099
1624,1622,0,500,0,0,0,0,0,500,2026-04-02 03:16:31.046099
1625,1623,0,3500,0,0,0,0,0,3500,2026-04-02 03:16:31.046099
1626,1624,0,7500,4000,0,0,0,0,11500,2026-04-02 03:16:31.046099
1627,1625,0,900,0,0,0,0,0,900,2026-04-02 03:16:31.046099
1628,1626,0,1700,500,0,0,0,0,2200,2026-04-02 03:16:31.061872
1629,1627,0,1200,0,0,0,0,0,1200,2026-04-02 03:16:31.061872
1630,1628,0,800,0,0,0,0,0,800,2026-04-02 03:16:31.061872
1631,1629,0,2000,2000,0,0,0,0,4000,2026-04-02 03:16:31.061872
1632,1630,0,3500,2000,0,0,0,0,5500,2026-04-02 03:16:31.061872
1633,1631,0,4500,3000,0,0,0,0,7500,2026-04-02 03:16:31.077727
1634,1632,0,0,0,0,0,0,0,0,2026-04-02 03:16:31.077727
1635,1633,0,1800,600,0,0,0,0,2400,2026-04-02 03:16:31.093509
1636,1634,0,6600,5500,0,0,0,0,12100,2026-04-02 03:16:31.093509
1637,1635,0,0,0,0,0,0,0,0,2026-04-02 03:16:31.093509
1638,1636,0,3800,0,0,0,0,0,3800,2026-04-02 03:16:31.093509
1639,1637,0,4000,0,0,0,0,0,4000,2026-04-02 03:16:31.109250
1640,1638,0,0,0,0,0,0,0,0,2026-04-02 03:16:31.109250
1641,1639,0,800,0,0,0,0,0,800,2026-04-02 03:16:31.109250
1642,1640,0,3200,0,0,0,0,0,3200,2026-04-02 03:16:31.109250
1643,1641,0,5200,0,0,0,0,0,5200,2026-04-02 03:16:31.125017
1644,1642,0,1800,0,0,0,0,0,1800,2026-04-02 03:16:31.128058
1645,1643,0,2400,0,0,0,0,0,2400,2026-04-02 03:16:31.128058
1646,1644,0,800,0,0,0,0,0,800,2026-04-02 03:16:31.128058
1647,1645,0,6000,0,0,0,0,0,6000,2026-04-02 03:16:31.128058
1648,1646,0,4400,0,0,0,0,0,4400,2026-04-02 03:16:31.143110
1649,1647,0,6400,0,0,0,0,0,6400,2026-04-02 03:16:31.147138
1650,1648,0,3600,0,0,0,0,0,3600,2026-04-02 03:16:31.149152
1651,1649,0,400,0,0,0,0,0,400,2026-04-02 03:16:31.153179
1652,1650,0,800,0,0,0,0,0,800,2026-04-02 03:16:31.156967
1653,1651,0,4700,0,0,0,0,0,4700,2026-04-02 03:16:31.160995
1654,1652,0,5600,0,0,0,0,0,5600,2026-04-02 03:16:31.163009
1655,1653,0,3100,0,0,0,0,0,3100,2026-04-02 03:16:31.167038
1656,1654,0,800,0,0,0,0,0,800,2026-04-02 03:16:31.171067
1657,1655,0,1200,0,0,0,0,0,1200,2026-04-02 03:16:31.174840
1658,1656,0,2000,0,0,0,0,0,2000,2026-04-02 03:16:31.176855
1659,1657,0,13600,10000,0,0,0,0,23600,2026-04-02 03:16:31.180383
1660,1658,0,7700,4500,0,0,0,0,12200,2026-04-02 03:16:31.184411
1661,1659,0,3600,0,0,0,0,0,3600,2026-04-02 03:16:31.188438
1662,1660,0,2700,0,0,0,0,0,2700,2026-04-02 03:16:31.192467
1663,1661,0,3800,3000,0,0,0,0,6800,2026-04-02 03:16:31.194480
1664,1662,0,3100,0,0,0,0,0,3100,2026-04-02 03:16:31.198508
1665,1663,0,0,0,0,0,0,0,0,2026-04-02 03:16:31.202536
1666,1664,0,15800,15000,0,0,0,0,30800,2026-04-02 03:16:31.204293
1667,1665,0,4800,0,0,0,0,0,4800,2026-04-02 03:16:31.208322
1668,1666,0,0,0,0,0,0,0,0,2026-04-02 03:16:31.212349
1669,1667,0,5200,0,0,0,0,0,5200,2026-04-02 03:16:31.216377
1670,1668,0,800,0,0,0,0,0,800,2026-04-02 03:16:31.218391
1671,1669,0,0,0,0,0,0,0,0,2026-04-02 03:16:31.222162
1672,1670,0,2000,0,0,0,0,0,2000,2026-04-02 03:16:31.226191
1673,1671,0,4400,0,0,0,0,0,4400,2026-04-02 03:16:31.228717
1674,1672,0,4800,0,0,0,0,0,4800,2026-04-02 03:16:31.232744
1675,1673,0,4400,0,0,0,0,0,4400,2026-04-02 03:16:31.236272
1676,1674,0,2400,0,0,0,0,0,2400,2026-04-02 03:16:31.236272
1677,1675,0,4800,0,0,0,0,0,4800,2026-04-02 03:16:31.236272
1678,1676,0,6000,0,0,0,0,0,6000,2026-04-02 03:16:31.236272
1679,1677,0,2800,0,0,0,0,0,2800,2026-04-02 03:16:31.236272
1680,1678,0,1200,0,0,0,0,0,1200,2026-04-02 03:16:31.252310
1681,1679,0,2400,0,0,0,0,0,2400,2026-04-02 03:16:31.252310
1682,1680,0,800,0,0,0,0,0,800,2026-04-02 03:16:31.252310
1683,1681,0,1600,0,0,0,0,0,1600,2026-04-02 03:16:31.252310
1684,1682,0,2250,1850,0,0,0,0,4100,2026-04-02 03:16:31.267994
1685,1683,0,3450,1850,0,0,0,0,5300,2026-04-02 03:16:31.267994
1686,1684,0,0,0,0,0,0,0,0,2026-04-02 03:16:31.267994
1687,1685,0,0,0,0,0,0,0,0,2026-04-02 03:16:31.267994
1688,1686,0,2400,0,0,0,0,0,2400,2026-04-02 03:16:31.279153
1689,1687,0,6400,0,0,0,0,0,6400,2026-04-02 03:16:31.283748
1690,1688,0,0,0,0,0,0,0,0,2026-04-02 03:16:31.283748
1691,1689,0,0,0,0,0,0,0,0,2026-04-02 03:16:31.283748
1692,1690,0,5000,200,0,0,0,0,5200,2026-04-02 03:16:31.283748
1693,1691,0,1600,0,0,0,0,0,1600,2026-04-02 03:16:31.299867
1694,1692,0,2600,0,0,0,0,0,2600,2026-04-02 03:16:31.299867
1695,1693,0,5200,0,0,0,0,0,5200,2026-04-02 03:16:31.299867
1696,1694,0,2300,300,0,0,0,0,2600,2026-04-02 03:16:31.299867
1697,1695,0,4300,2300,0,0,0,0,6600,2026-04-02 03:16:31.317523
1698,1696,0,0,0,0,0,0,0,0,2026-04-02 03:16:31.319538
1699,1697,0,2000,0,0,0,0,0,2000,2026-04-02 03:16:31.319538
1700,1698,0,5700,1000,0,0,0,0,6700,2026-04-02 03:16:31.329429
1701,1699,0,7400,1000,0,0,0,0,8400,2026-04-02 03:16:31.335794
1702,1700,0,10600,7000,0,0,0,0,17600,2026-04-02 03:16:31.335794
1703,1701,0,2800,0,0,0,0,0,2800,2026-04-02 03:16:31.335794
1704,1702,0,1600,0,0,0,0,0,1600,2026-04-02 03:16:31.347514
1705,1703,0,2800,0,0,0,0,0,2800,2026-04-02 03:16:31.347514
1706,1704,0,23500,21500,0,0,0,0,45000,2026-04-02 03:16:31.347514
1707,1705,0,0,0,0,0,0,0,0,2026-04-02 03:16:31.347514
1708,1706,0,8000,0,0,0,0,0,8000,2026-04-02 03:16:31.363192
1709,1707,0,0,0,0,0,0,0,0,2026-04-02 03:16:31.363192
1710,1708,0,4700,0,0,0,0,0,4700,2026-04-02 03:16:31.363192
1711,1709,0,6400,4000,0,0,0,0,10400,2026-04-02 03:16:31.363192
1712,1710,0,2900,1300,0,0,0,0,4200,2026-04-02 03:16:31.363192
1713,1711,0,1600,0,0,0,0,0,1600,2026-04-02 03:16:31.379714
1714,1712,0,6000,0,0,0,0,0,6000,2026-04-02 03:16:31.379714
1715,1713,0,2000,0,0,0,0,0,2000,2026-04-02 03:16:31.379714
1716,1714,0,6500,5300,0,0,0,0,11800,2026-04-02 03:16:31.379714
1717,1715,0,0,0,0,0,0,0,0,2026-04-02 03:16:31.379714
1718,1716,0,0,0,0,0,0,0,0,2026-04-02 03:16:31.398149
1719,1717,0,5200,0,0,0,0,0,5200,2026-04-02 03:16:31.403078
1720,1718,0,3600,0,0,0,0,0,3600,2026-04-02 03:16:31.407033
1721,1719,0,18000,14000,0,0,0,0,32000,2026-04-02 03:16:31.410381
1722,1720,0,19900,16700,0,0,0,0,36600,2026-04-02 03:16:31.412762
1723,1721,0,2400,0,0,0,0,0,2400,2026-04-02 03:16:31.412762
1724,1722,0,400,0,0,0,0,0,400,2026-04-02 03:16:31.412762
1725,1723,0,28100,26500,0,0,0,0,54600,2026-04-02 03:16:31.412762
1726,1724,0,0,0,0,0,0,0,0,2026-04-02 03:16:31.426329
1727,1725,0,1200,0,0,0,0,0,1200,2026-04-02 14:54:31.335042
1728,1726,0,800,0,0,0,0,0,800,2026-04-02 14:54:31.338305
1729,1727,0,2000,0,0,0,0,0,2000,2026-04-02 14:54:31.346214
1730,1728,0,5100,0,0,0,0,0,5100,2026-04-02 14:54:31.352795
1731,1729,0,2000,0,0,0,0,0,2000,2026-04-02 14:54:31.361992
1732,1730,0,800,0,0,0,0,0,800,2026-04-02 14:54:31.361992
1733,1731,0,4400,0,0,0,0,0,4400,2026-04-02 14:54:31.373986
1734,1732,0,6000,0,0,0,0,0,6000,2026-04-02 14:54:31.381720
1735,1733,0,2000,0,0,0,0,0,2000,2026-04-02 14:54:31.388095
1736,1734,0,11000,0,0,0,0,0,11000,2026-04-02 14:54:31.395206
1737,1735,0,800,0,0,0,0,0,800,2026-04-02 14:54:31.402327
1738,1736,0,0,0,0,0,0,0,0,2026-04-02 14:54:31.409426
1739,1737,0,0,0,0,0,0,0,0,2026-04-02 14:54:31.416501
1740,1738,0,1200,0,0,0,0,0,1200,2026-04-02 14:54:31.416501
1741,1739,0,1200,0,0,0,0,0,1200,2026-04-02 14:54:31.427226
1742,1740,0,4900,0,0,0,0,0,4900,2026-04-02 14:54:31.427226
1743,1741,0,9600,0,0,0,0,0,9600,2026-04-02 14:54:31.437654
1744,1742,0,2400,0,0,0,0,0,2400,2026-04-02 14:54:31.441318
1745,1743,0,0,0,0,0,0,0,0,2026-04-02 14:54:31.441318
1746,1744,0,0,0,0,0,0,0,0,2026-04-02 14:54:31.441318
1747,1745,0,0,0,0,0,0,0,0,2026-04-02 14:54:31.452382
1748,1746,0,0,0,0,0,0,0,0,2026-04-02 14:54:31.457507
1749,1747,0,3600,0,0,0,0,0,3600,2026-04-02 14:54:31.458952
1750,1748,0,4800,0,0,0,0,0,4800,2026-04-02 14:54:31.466060
1751,1749,0,3600,0,0,0,0,0,3600,2026-04-02 14:54:31.466060
1752,1750,0,1600,0,0,0,0,0,1600,2026-04-02 14:54:31.473104
1753,1751,0,3200,0,0,0,0,0,3200,2026-04-02 14:54:31.473104
1754,1752,0,1600,0,0,0,0,0,1600,2026-04-02 14:54:31.480698
1755,1753,0,1600,0,0,0,0,0,1600,2026-04-02 14:54:31.480698
1756,1754,0,4000,0,0,0,0,0,4000,2026-04-02 14:54:31.487702
1757,1755,0,8000,0,0,0,0,0,8000,2026-04-02 14:54:31.489280
1758,1756,0,0,0,0,0,0,0,0,2026-04-02 14:54:31.494842
1759,1757,0,3600,0,0,0,0,0,3600,2026-04-02 14:54:31.501403
1760,1758,0,3500,0,0,0,0,0,3500,2026-04-02 14:54:31.504990
1761,1759,0,3500,0,0,0,0,0,3500,2026-04-02 14:54:31.508992
1762,1760,0,6400,0,0,0,0,0,6400,2026-04-02 14:54:31.508992
1763,1761,0,6400,0,0,0,0,0,6400,2026-04-02 14:54:31.515566
1764,1762,0,10500,0,0,0,0,0,10500,2026-04-02 14:54:31.515566
1765,1763,0,15500,2000,0,0,0,0,17500,2026-04-02 14:54:31.522407
1766,1764,0,3500,0,0,0,0,0,3500,2026-04-02 14:54:31.522407
1767,1765,0,0,0,0,0,0,0,0,2026-04-02 14:54:31.530217
1768,1766,0,0,0,0,0,0,0,0,2026-04-02 14:54:31.535690
1769,1767,0,0,0,0,0,0,0,0,2026-04-02 14:54:31.538769
1770,1768,0,4500,0,0,0,0,0,4500,2026-04-02 14:54:31.541963
1771,1769,0,9000,1300,0,0,0,0,10300,2026-04-02 14:54:31.544390
1772,1770,0,20000,0,0,0,0,0,20000,2026-04-02 14:54:31.550954
1773,1771,0,5700,0,0,0,0,0,5700,2026-04-02 14:54:31.553042
1774,1772,0,8000,0,0,0,0,0,8000,2026-04-02 14:54:31.556047
1775,1773,0,12100,1300,0,0,0,0,13400,2026-04-02 14:54:31.558460
1776,1774,0,11400,1300,0,0,0,0,12700,2026-04-02 14:54:31.558460
1777,1775,0,0,0,0,0,0,0,0,2026-04-02 14:54:31.565107
1778,1776,0,0,0,0,0,0,0,0,2026-04-02 14:54:31.569144
1779,1777,0,3000,0,0,0,0,0,3000,2026-04-02 14:54:31.569144
1780,1778,0,5000,0,0,0,0,0,5000,2026-04-02 14:54:31.569144
1781,1779,0,2500,0,0,0,0,0,2500,2026-04-02 14:54:31.579763
1782,1780,0,0,0,0,0,0,0,0,2026-04-02 14:54:31.584852
1783,1781,0,0,0,0,0,0,0,0,2026-04-02 14:54:31.586184
1784,1782,0,2000,0,0,0,0,0,2000,2026-04-02 14:54:31.593909
1785,1783,0,4500,0,0,0,0,0,4500,2026-04-02 14:54:31.593909
1786,1784,0,3000,0,0,0,0,0,3000,2026-04-02 14:54:31.600561
1787,1785,0,8400,0,0,0,0,0,8400,2026-04-02 14:54:31.600561
1788,1786,0,7500,0,0,0,0,0,7500,2026-04-02 14:54:31.607469
1789,1787,0,4000,0,0,0,0,0,4000,2026-04-02 14:54:31.607469
1790,1788,0,5000,0,0,0,0,0,5000,2026-04-02 14:54:31.616454
1791,1789,0,4000,0,0,0,0,0,4000,2026-04-02 14:54:31.619780
1792,1790,0,6000,0,0,0,0,0,6000,2026-04-02 14:54:31.619780
1793,1791,0,5500,0,0,0,0,0,5500,2026-04-02 14:54:31.619780
1794,1792,0,12800,0,0,0,0,0,12800,2026-04-02 14:54:31.628766
1795,1793,0,4500,0,0,0,0,0,4500,2026-04-02 14:54:31.633822
1796,1794,0,0,0,0,0,0,0,0,2026-04-02 14:54:31.633822
1797,1795,0,3200,0,0,0,0,0,3200,2026-04-02 14:54:31.643439
1798,1796,0,4500,0,0,0,0,0,4500,2026-04-02 14:54:31.648530
1799,1797,0,4500,0,0,0,0,0,4500,2026-04-02 14:54:31.649940
1800,1798,0,15000,7500,0,0,0,0,22500,2026-04-02 14:54:31.649940
1801,1799,0,3500,0,0,0,0,0,3500,2026-04-02 14:54:31.657610
1802,1800,0,500,0,0,0,0,0,500,2026-04-02 14:54:31.657610
1803,1801,0,0,0,0,0,0,0,0,2026-04-02 14:54:31.667565
1804,1802,0,400,0,0,0,0,0,400,2026-04-02 14:54:31.672268
1805,1803,0,4000,0,0,0,0,0,4000,2026-04-02 14:54:31.675818
1806,1804,0,4500,0,0,0,0,0,4500,2026-04-02 14:54:31.679929
1807,1805,0,4000,0,0,0,0,0,4000,2026-04-02 14:54:31.683467
1808,1806,0,0,0,0,0,0,0,0,2026-04-02 14:54:31.685383
1809,1807,0,3500,0,0,0,0,0,3500,2026-04-02 14:54:31.685383
1810,1808,0,0,0,0,0,0,0,0,2026-04-02 14:54:31.697497
1811,1809,0,1000,0,0,0,0,0,1000,2026-04-02 14:54:31.699507
1812,1810,0,9300,2800,0,0,0,0,12100,2026-04-02 14:54:31.704619
1813,1811,0,4000,0,0,0,0,0,4000,2026-04-02 14:54:31.707106
1814,1812,0,3400,0,0,0,0,0,3400,2026-04-02 14:54:31.711193
1815,1813,0,12200,0,0,0,0,0,12200,2026-04-02 14:54:31.712326
1816,1814,0,11600,4700,0,0,0,0,16300,2026-04-02 14:54:31.712326
1817,1815,0,16600,3700,0,0,0,0,20300,2026-04-02 14:54:31.721212
1818,1816,0,12900,2500,0,0,0,0,15400,2026-04-02 14:54:31.727910
1819,1817,0,8500,2500,0,0,0,0,11000,2026-04-02 14:54:31.727910
1820,1818,0,22100,11200,0,0,0,0,33300,2026-04-02 14:54:31.735385
1821,1819,0,6500,2500,0,0,0,0,9000,2026-04-02 14:54:31.735385
1822,1820,0,0,0,0,0,0,0,0,2026-04-02 14:54:31.743475
1823,1821,0,4000,0,0,0,0,0,4000,2026-04-02 14:54:31.749540
1824,1822,0,1600,0,0,0,0,0,1600,2026-04-02 14:54:31.749540
1825,1823,0,2300,0,0,0,0,0,2300,2026-04-02 14:54:31.756032
1826,1824,0,2800,0,0,0,0,0,2800,2026-04-02 14:54:31.763684
1827,1825,0,6900,6500,0,0,0,0,13400,2026-04-02 14:54:31.763684
1828,1826,0,3200,0,0,0,0,0,3200,2026-04-02 14:54:31.770691
1829,1827,0,2400,0,0,0,0,0,2400,2026-04-02 14:54:31.770691
1830,1828,0,2400,0,0,0,0,0,2400,2026-04-02 14:54:31.777321
1831,1829,0,5200,0,0,0,0,0,5200,2026-04-02 14:54:31.777321
1832,1830,0,1200,0,0,0,0,0,1200,2026-04-02 14:54:31.784463
1833,1831,0,3200,0,0,0,0,0,3200,2026-04-02 14:54:31.784463
1834,1832,0,1600,0,0,0,0,0,1600,2026-04-02 14:54:31.791549
1835,1833,0,7200,0,0,0,0,0,7200,2026-04-02 14:54:31.791549
1836,1834,0,8200,0,0,0,0,0,8200,2026-04-02 14:54:31.798602
1837,1835,0,13900,0,0,0,0,0,13900,2026-04-02 14:54:31.798602
1838,1836,0,2900,0,0,0,0,0,2900,2026-04-02 14:54:31.808849
1839,1837,0,4400,0,0,0,0,0,4400,2026-04-02 14:54:31.812750
1840,1838,0,2800,0,0,0,0,0,2800,2026-04-02 14:54:31.812750
1841,1839,0,4000,0,0,0,0,0,4000,2026-04-02 14:54:31.819812
1842,1840,0,400,0,0,0,0,0,400,2026-04-02 14:54:31.823402
1843,1841,0,0,0,0,0,0,0,0,2026-04-02 14:54:31.826900
1844,1842,0,4000,0,0,0,0,0,4000,2026-04-02 14:54:31.826900
1845,1843,0,4800,0,0,0,0,0,4800,2026-04-02 14:54:31.834124
1846,1844,0,7100,0,0,0,0,0,7100,2026-04-02 14:54:31.834124
1847,1845,0,3200,0,0,0,0,0,3200,2026-04-02 14:54:31.841041
1848,1846,0,400,0,0,0,0,0,400,2026-04-02 14:54:31.841041
1849,1847,0,2400,0,0,0,0,0,2400,2026-04-02 14:54:31.848625
1850,1848,0,3600,0,0,0,0,0,3600,2026-04-02 14:54:31.848625
1851,1849,0,2800,0,0,0,0,0,2800,2026-04-02 14:54:31.855271
1852,1850,0,4800,0,0,0,0,0,4800,2026-04-02 14:54:31.855271
1853,1851,0,4300,0,0,0,0,0,4300,2026-04-02 14:54:31.862769
1854,1852,0,800,0,0,0,0,0,800,2026-04-02 14:54:31.862769
1855,1853,0,0,0,0,0,0,0,0,2026-04-02 14:54:31.872280
1856,1854,0,0,0,0,0,0,0,0,2026-04-02 14:54:31.876396
1857,1855,0,9200,2000,0,0,0,0,11200,2026-04-02 14:54:31.876396
1858,1856,0,6000,0,0,0,0,0,6000,2026-04-02 14:54:31.883456
1859,1857,0,7200,0,0,0,0,0,7200,2026-04-02 14:54:31.884018
1860,1858,0,7200,0,0,0,0,0,7200,2026-04-02 14:54:31.888556
1861,1859,0,9900,3500,0,0,0,0,13400,2026-04-02 14:54:31.888556
1862,1860,0,1600,0,0,0,0,0,1600,2026-04-02 14:54:31.888556
1863,1861,0,5600,0,0,0,0,0,5600,2026-04-02 14:54:31.897621
1864,1862,0,1200,0,0,0,0,0,1200,2026-04-02 14:54:31.903234
1865,1863,0,4400,0,0,0,0,0,4400,2026-04-02 14:54:31.904604
1866,1864,0,2800,0,0,0,0,0,2800,2026-04-02 14:54:31.904604
1867,1865,0,3500,0,0,0,0,0,3500,2026-04-02 14:54:31.911782
1868,1866,0,2000,0,0,0,0,0,2000,2026-04-02 14:54:31.918947
1869,1867,0,0,0,0,0,0,0,0,2026-04-02 14:54:31.918947
1870,1868,0,4000,0,0,0,0,0,4000,2026-04-02 14:54:31.918947
1871,1869,0,3200,0,0,0,0,0,3200,2026-04-02 14:54:31.918947
1872,1870,0,1200,0,0,0,0,0,1200,2026-04-02 14:54:31.935734
1873,1871,0,1600,0,0,0,0,0,1600,2026-04-02 14:54:31.938122
1874,1872,0,1200,0,0,0,0,0,1200,2026-04-02 14:54:31.940591
1875,1873,0,0,0,0,0,0,0,0,2026-04-02 14:54:31.940591
1876,1874,0,2000,0,0,0,0,0,2000,2026-04-02 14:54:31.947644
1877,1875,0,6400,0,0,0,0,0,6400,2026-04-02 14:54:31.952331
1878,1876,0,6800,0,0,0,0,0,6800,2026-04-02 14:54:31.954169
1879,1877,0,4400,0,0,0,0,0,4400,2026-04-02 14:54:31.954169
1880,1878,0,2800,0,0,0,0,0,2800,2026-04-02 14:54:31.961802
1881,1879,0,400,0,0,0,0,0,400,2026-04-02 14:54:31.966925
1882,1880,0,4800,0,0,0,0,0,4800,2026-04-02 14:54:31.968387
1883,1881,0,5600,0,0,0,0,0,5600,2026-04-02 14:54:31.968387
1884,1882,0,3900,0,0,0,0,0,3900,2026-04-02 14:54:31.968387
1885,1883,0,1100,0,0,0,0,0,1100,2026-04-02 14:54:31.968387
1886,1884,0,0,0,0,0,0,0,0,2026-04-02 14:54:31.982661
1887,1885,0,5600,0,0,0,0,0,5600,2026-04-02 14:54:31.985292
1888,1886,0,4400,0,0,0,0,0,4400,2026-04-02 14:54:31.989589
1889,1887,0,6000,0,0,0,0,0,6000,2026-04-02 14:54:31.993653
1890,1888,0,15000,0,0,0,0,0,15000,2026-04-02 14:54:31.998574
1891,1889,0,2400,0,0,0,0,0,2400,2026-04-02 14:54:32.001871
1892,1890,0,0,0,0,0,0,0,0,2026-04-02 14:54:32.003790
1893,1891,0,400,0,0,0,0,0,400,2026-04-02 14:54:32.003790
1894,1892,0,2400,0,0,0,0,0,2400,2026-04-02 14:54:32.003790
1895,1893,0,400,0,0,0,0,0,400,2026-04-02 14:54:32.015497
1896,1894,0,1200,0,0,0,0,0,1200,2026-04-02 14:54:32.018447
1897,1895,0,1600,0,0,0,0,0,1600,2026-04-02 14:54:32.022689
1898,1896,0,400,0,0,0,0,0,400,2026-04-02 14:54:32.022689
1899,1897,0,5600,3000,0,0,0,0,8600,2026-04-02 14:54:32.022689
1900,1898,0,5900,0,0,0,0,0,5900,2026-04-02 14:54:32.031955
1901,1899,0,1600,0,0,0,0,0,1600,2026-04-02 14:54:32.035541
1902,1900,0,0,0,0,0,0,0,0,2026-04-02 14:54:32.038832
1903,1901,0,8000,0,0,0,0,0,8000,2026-04-02 14:54:32.044319
1904,1902,0,8800,0,0,0,0,0,8800,2026-04-02 14:54:32.046250
1905,1903,0,12100,0,0,0,0,0,12100,2026-04-02 14:54:32.046250
1906,1904,0,9800,0,0,0,0,0,9800,2026-04-02 14:54:32.053326
1907,1905,0,6600,1800,0,0,0,0,8400,2026-04-02 14:54:32.053326
1908,1906,0,8400,3700,0,0,0,0,12100,2026-04-02 14:54:32.060895
1909,1907,0,6500,1800,0,0,0,0,8300,2026-04-02 14:54:32.061984
1910,1908,0,0,0,0,0,0,0,0,2026-04-02 14:54:32.067489
1911,1909,0,0,0,0,0,0,0,0,2026-04-02 14:54:32.075040
1912,1910,0,0,0,0,0,0,0,0,2026-04-02 14:54:32.075040
1913,1911,0,400,0,0,0,0,0,400,2026-04-02 15:08:37.421300
1914,1912,0,1200,0,0,0,0,0,1200,2026-04-02 15:08:37.426020
1915,1913,0,1600,0,0,0,0,0,1600,2026-04-02 15:08:37.426020
1916,1914,0,3900,0,0,0,0,0,3900,2026-04-02 15:08:37.434411
1917,1915,0,2600,0,0,0,0,0,2600,2026-04-02 15:08:37.434411
1918,1916,0,2000,0,0,0,0,0,2000,2026-04-02 15:08:37.442897
1919,1917,0,4000,0,0,0,0,0,4000,2026-04-02 15:08:37.447353
1920,1918,0,2000,0,0,0,0,0,2000,2026-04-02 15:08:37.447353
1921,1919,0,1200,0,0,0,0,0,1200,2026-04-02 15:08:37.455004
1922,1920,0,800,0,0,0,0,0,800,2026-04-02 15:08:37.461036
1923,1921,0,1600,0,0,0,0,0,1600,2026-04-02 15:08:37.461036
1924,1922,0,1400,0,0,0,0,0,1400,2026-04-02 15:08:37.474696
1925,1923,0,4400,0,0,0,0,0,4400,2026-04-02 15:08:37.474696
1926,1924,0,1600,0,0,0,0,0,1600,2026-04-02 15:08:37.474696
1927,1925,0,10400,4000,0,0,0,0,14400,2026-04-02 15:08:37.474696
1928,1926,0,4600,0,0,0,0,0,4600,2026-04-02 15:08:37.490850
1929,1927,0,12000,0,0,0,0,0,12000,2026-04-02 15:08:37.490850
1930,1928,0,0,0,0,0,0,0,0,2026-04-02 15:08:37.490850
1931,1929,0,3200,0,0,0,0,0,3200,2026-04-02 15:08:37.490850
1932,1930,0,1600,0,0,0,0,0,1600,2026-04-02 15:08:37.506676
1933,1931,0,400,0,0,0,0,0,400,2026-04-02 15:08:37.506676
1934,1932,0,4000,0,0,0,0,0,4000,2026-04-02 15:08:37.506676
1935,1933,0,1600,0,0,0,0,0,1600,2026-04-02 15:08:37.506676
1936,1934,0,1600,0,0,0,0,0,1600,2026-04-02 15:08:37.522450
1937,1935,0,3600,0,0,0,0,0,3600,2026-04-02 15:08:37.522450
1938,1936,0,11800,0,0,0,0,0,11800,2026-04-02 15:08:37.522450
1939,1937,0,3200,0,0,0,0,0,3200,2026-04-02 15:08:37.538239
1940,1938,0,4000,0,0,0,0,0,4000,2026-04-02 15:08:37.538239
1941,1939,0,1200,0,0,0,0,0,1200,2026-04-02 15:08:37.538239
1942,1940,0,0,0,0,0,0,0,0,2026-04-02 15:08:37.557696
1943,1941,0,1600,0,0,0,0,0,1600,2026-04-02 15:08:37.563775
1944,1942,0,1600,0,0,0,0,0,1600,2026-04-02 15:08:37.568033
1945,1943,0,800,0,0,0,0,0,800,2026-04-02 15:08:37.570849
1946,1944,0,1200,0,0,0,0,0,1200,2026-04-02 15:08:37.570849
1947,1945,0,800,0,0,0,0,0,800,2026-04-02 15:08:37.570849
1948,1946,0,1200,0,0,0,0,0,1200,2026-04-02 15:08:37.570849
1949,1947,0,1200,0,0,0,0,0,1200,2026-04-02 15:08:37.585409
1950,1948,0,400,0,0,0,0,0,400,2026-04-02 15:08:37.585409
1951,1949,0,3600,0,0,0,0,0,3600,2026-04-02 15:08:37.585409
1952,1950,0,8700,0,0,0,0,0,8700,2026-04-02 15:08:37.585409
1953,1951,0,2000,0,0,0,0,0,2000,2026-04-02 15:08:37.585409
1954,1952,0,7000,1000,0,0,0,0,8000,2026-04-02 15:08:37.601581
1955,1953,0,7200,0,0,0,0,0,7200,2026-04-02 15:08:37.601581
1956,1954,0,10100,5000,0,0,0,0,15100,2026-04-02 15:08:37.601581
1957,1955,0,2000,0,0,0,0,0,2000,2026-04-02 15:08:37.601581
1958,1956,0,0,0,0,0,0,0,0,2026-04-02 15:08:37.617354
1959,1957,0,1600,0,0,0,0,0,1600,2026-04-02 15:08:37.617354
1960,1958,0,800,0,0,0,0,0,800,2026-04-02 15:08:37.617354
1961,1959,0,800,0,0,0,0,0,800,2026-04-02 15:08:37.617354
1962,1960,0,5000,0,0,0,0,0,5000,2026-04-02 15:08:37.633628
1963,1961,0,0,0,0,0,0,0,0,2026-04-02 15:08:37.636013
1964,1962,0,0,0,0,0,0,0,0,2026-04-02 15:08:37.636013
1965,1963,0,0,0,0,0,0,0,0,2026-04-02 15:08:37.636013
1966,1964,0,0,0,0,0,0,0,0,2026-04-02 15:08:37.649105
1967,1965,0,0,0,0,0,0,0,0,2026-04-02 15:08:37.649105
1968,1966,0,2300,0,0,0,0,0,2300,2026-04-02 15:08:37.649105
1969,1967,0,0,0,0,0,0,0,0,2026-04-02 15:08:37.649105
1970,1968,0,2400,0,0,0,0,0,2400,2026-04-02 15:08:37.664866
1971,1969,0,6400,0,0,0,0,0,6400,2026-04-02 15:08:37.664866
1972,1970,0,5100,0,0,0,0,0,5100,2026-04-02 15:08:37.664866
1973,1971,0,11100,4000,0,0,0,0,15100,2026-04-02 15:08:37.664866
1974,1972,0,1600,0,0,0,0,0,1600,2026-04-02 15:08:37.664866
1975,1973,0,0,0,0,0,0,0,0,2026-04-02 15:08:37.680800
1976,1974,0,0,0,0,0,0,0,0,2026-04-02 15:08:37.680800
1977,1975,0,0,0,0,0,0,0,0,2026-04-02 15:08:37.680800
1978,1976,0,3200,0,0,0,0,0,3200,2026-04-02 15:08:37.680800
1979,1977,0,5200,0,0,0,0,0,5200,2026-04-02 15:08:37.696927
1980,1978,0,0,0,0,0,0,0,0,2026-04-02 15:08:37.696927
1981,1979,0,800,0,0,0,0,0,800,2026-04-02 15:08:37.696927
1982,1980,0,2400,0,0,0,0,0,2400,2026-04-02 15:08:37.696927
1983,1981,0,2000,0,0,0,0,0,2000,2026-04-02 15:08:37.712932
1984,1982,0,3600,0,0,0,0,0,3600,2026-04-02 15:08:37.712932
1985,1983,0,2000,0,0,0,0,0,2000,2026-04-02 15:08:37.712932
1986,1984,0,0,0,0,0,0,0,0,2026-04-02 15:08:37.712932
1987,1985,0,7400,0,0,0,0,0,7400,2026-04-02 15:08:37.712932
1988,1986,0,1200,0,0,0,0,0,1200,2026-04-02 15:08:37.728676
1989,1987,0,10600,0,0,0,0,0,10600,2026-04-02 15:08:37.728676
1990,1988,0,3200,0,0,0,0,0,3200,2026-04-02 15:08:37.728676
1991,1989,0,8800,0,0,0,0,0,8800,2026-04-02 15:08:37.728676
1992,1990,0,7900,2000,0,0,0,0,9900,2026-04-02 15:08:37.744867
1993,1991,0,2400,0,0,0,0,0,2400,2026-04-02 15:08:37.750741
1994,1992,0,0,0,0,0,0,0,0,2026-04-02 15:08:37.750741
1995,1993,0,2400,0,0,0,0,0,2400,2026-04-02 15:08:37.750741
1996,1994,0,5900,0,0,0,0,0,5900,2026-04-02 15:08:37.760824
1997,1995,0,11600,1000,0,0,0,0,12600,2026-04-02 15:08:37.760824
1998,1996,0,6700,0,0,0,0,0,6700,2026-04-02 15:08:37.760824
1999,1997,0,10500,1000,0,0,0,0,11500,2026-04-02 15:08:37.760824
2000,1998,0,5500,0,0,0,0,0,5500,2026-04-02 15:08:37.776939
2001,1999,0,0,0,0,0,0,0,0,2026-04-02 15:08:37.776939
2002,2000,0,9800,5800,0,0,0,0,15600,2026-04-02 15:08:37.776939
2003,2001,0,4400,0,0,0,0,0,4400,2026-04-02 15:08:37.776939
2004,2002,0,5600,2800,0,0,0,0,8400,2026-04-02 15:08:37.776939
2005,2003,0,1600,0,0,0,0,0,1600,2026-04-02 15:08:37.792929
2006,2004,0,800,0,0,0,0,0,800,2026-04-02 15:08:37.792929
2007,2005,0,7300,3000,0,0,0,0,10300,2026-04-02 15:08:37.792929
2008,2006,0,4400,0,0,0,0,0,4400,2026-04-02 15:08:37.792929
2009,2007,0,2400,0,0,0,0,0,2400,2026-04-02 15:08:37.811331
2010,2008,0,2400,0,0,0,0,0,2400,2026-04-02 15:08:37.811331
2011,2009,0,5600,0,0,0,0,0,5600,2026-04-02 15:08:37.811331
2012,2010,0,2400,0,0,0,0,0,2400,2026-04-02 15:08:37.811331
2013,2011,0,9100,1000,0,0,0,0,10100,2026-04-02 15:08:37.824539
2014,2012,0,4200,0,0,0,0,0,4200,2026-04-02 15:08:37.824539
2015,2013,0,11300,1000,0,0,0,0,12300,2026-04-02 15:08:37.824539
2016,2014,0,6300,0,0,0,0,0,6300,2026-04-02 15:08:37.824539
2017,2015,0,1600,0,0,0,0,0,1600,2026-04-02 15:08:37.840195
2018,2016,0,6800,0,0,0,0,0,6800,2026-04-02 15:08:37.840195
2019,2017,0,5200,0,0,0,0,0,5200,2026-04-02 15:08:37.840195
2020,2018,0,4800,0,0,0,0,0,4800,2026-04-02 15:08:37.840195
2021,2019,0,1200,0,0,0,0,0,1200,2026-04-02 15:08:37.857211
2022,2020,0,2400,0,0,0,0,0,2400,2026-04-02 15:08:37.861789
2023,2021,0,4000,0,0,0,0,0,4000,2026-04-02 15:08:37.861789
2024,2022,0,3600,0,0,0,0,0,3600,2026-04-02 15:08:37.861789
2025,2023,0,7300,0,0,0,0,0,7300,2026-04-02 15:08:37.871866
2026,2024,0,2800,0,0,0,0,0,2800,2026-04-02 15:08:37.871866
2027,2025,0,0,0,0,0,0,0,0,2026-04-02 15:08:37.871866
2028,2026,0,2800,0,0,0,0,0,2800,2026-04-02 15:08:37.871866
2029,2027,0,4500,0,0,0,0,0,4500,2026-04-02 15:08:37.887728
2030,2028,0,14400,5300,0,0,0,0,19700,2026-04-02 15:08:37.887728
2031,2029,0,8400,0,0,0,0,0,8400,2026-04-02 15:08:37.887728
2032,2030,0,7600,0,0,0,0,0,7600,2026-04-02 15:08:37.887728
2033,2031,0,7200,0,0,0,0,0,7200,2026-04-02 15:08:37.887728
2034,2032,0,0,0,0,0,0,0,0,2026-04-02 15:08:37.903381
2035,2033,0,6000,0,0,0,0,0,6000,2026-04-02 15:08:37.903381
2036,2034,0,11100,0,0,0,0,0,11100,2026-04-02 15:08:37.912369
2037,2035,0,7000,0,0,0,0,0,7000,2026-04-02 15:08:37.912369
2038,2036,0,18500,0,0,0,0,0,18500,2026-04-02 15:08:37.919090
2039,2037,0,8500,0,0,0,0,0,8500,2026-04-02 15:08:37.919090
2040,2038,0,8300,0,0,0,0,0,8300,2026-04-02 15:08:37.919090
2041,2039,0,3500,0,0,0,0,0,3500,2026-04-02 15:08:37.919090
2042,2040,0,2000,0,0,0,0,0,2000,2026-04-02 15:08:37.935177
2043,2041,0,3000,0,0,0,0,0,3000,2026-04-02 15:08:37.935177
2044,2042,0,3000,0,0,0,0,0,3000,2026-04-02 15:08:37.942195
2045,2043,0,1200,0,0,0,0,0,1200,2026-04-02 15:08:37.942195
2046,2044,0,3000,0,0,0,0,0,3000,2026-04-02 15:08:37.951260
2047,2045,0,39300,30000,0,0,0,0,69300,2026-04-02 15:08:37.954055
2048,2046,0,2000,0,0,0,0,0,2000,2026-04-02 15:08:37.958027
2049,2047,0,2000,0,0,0,0,0,2000,2026-04-02 15:08:37.962614
2050,2048,0,2000,0,0,0,0,0,2000,2026-04-02 15:08:37.966958
2051,2049,0,1000,0,0,0,0,0,1000,2026-04-02 15:08:37.966958
2052,2050,0,2000,0,0,0,0,0,2000,2026-04-02 15:08:37.972942
2053,2051,0,40500,31000,0,0,0,0,71500,2026-04-02 15:08:37.972942
2054,2052,0,0,0,0,0,0,0,0,2026-04-02 15:08:37.982912
2055,2053,0,0,0,0,0,0,0,0,2026-04-02 15:08:37.982912
2056,2054,0,3000,0,0,0,0,0,3000,2026-04-02 15:08:37.991498
2057,2055,0,2400,0,0,0,0,0,2400,2026-04-02 15:08:37.999010
2058,2056,0,18000,10000,0,0,0,0,28000,2026-04-02 15:08:38.003499
2059,2057,0,0,0,0,0,0,0,0,2026-04-02 15:08:38.007147
2060,2058,0,0,0,0,0,0,0,0,2026-04-02 15:08:38.007147
2061,2059,0,3000,0,0,0,0,0,3000,2026-04-02 15:08:38.016256
2062,2060,0,4000,0,0,0,0,0,4000,2026-04-02 15:08:38.016256
2063,2061,0,4000,0,0,0,0,0,4000,2026-04-02 15:08:38.016256
2064,2062,0,3500,0,0,0,0,0,3500,2026-04-02 15:08:38.026824
2065,2063,0,5600,0,0,0,0,0,5600,2026-04-02 15:08:38.033821
2066,2064,0,3000,0,0,0,0,0,3000,2026-04-02 15:08:38.035424
2067,2065,0,5000,0,0,0,0,0,5000,2026-04-02 15:08:38.040967
2068,2066,0,4000,0,0,0,0,0,4000,2026-04-02 15:08:38.045946
2069,2067,0,8200,0,0,0,0,0,8200,2026-04-02 15:08:38.050038
2070,2068,0,11100,0,0,0,0,0,11100,2026-04-02 15:08:38.050038
2071,2069,0,30200,21800,0,0,0,0,52000,2026-04-02 15:08:38.056577
2072,2070,0,5000,0,0,0,0,0,5000,2026-04-02 15:08:38.064471
2073,2071,0,2000,0,0,0,0,0,2000,2026-04-02 15:08:38.068607
2074,2072,0,5500,0,0,0,0,0,5500,2026-04-02 15:08:38.068607
2075,2073,0,8800,0,0,0,0,0,8800,2026-04-02 15:08:38.078576
2076,2074,0,4800,0,0,0,0,0,4800,2026-04-02 15:08:38.081169
2077,2075,0,8000,0,0,0,0,0,8000,2026-04-02 15:08:38.084579
2078,2076,0,26000,13300,0,0,0,0,39300,2026-04-02 15:08:38.090462
2079,2077,0,8500,2000,0,0,0,0,10500,2026-04-02 15:08:38.093604
2080,2078,0,6000,0,0,0,0,0,6000,2026-04-02 15:08:38.099460
2081,2079,0,5400,0,0,0,0,0,5400,2026-04-02 15:08:38.099460
2082,2080,0,500,0,0,0,0,0,500,2026-04-02 15:08:38.106143
2083,2081,0,500,0,0,0,0,0,500,2026-04-02 15:08:38.109729
2084,2082,0,1000,0,0,0,0,0,1000,2026-04-02 15:08:38.113730
2085,2083,0,4300,0,0,0,0,0,4300,2026-04-02 15:08:38.120108
2086,2084,0,4200,0,0,0,0,0,4200,2026-04-02 15:08:38.120108
2087,2085,0,1000,0,0,0,0,0,1000,2026-04-02 15:08:38.125690
2088,2086,0,3400,0,0,0,0,0,3400,2026-04-02 15:08:38.125690
2089,2087,0,4500,0,0,0,0,0,4500,2026-04-02 15:08:38.132741
2090,2088,0,16700,12500,0,0,0,0,29200,2026-04-02 15:08:38.132741
2091,2089,0,2800,0,0,0,0,0,2800,2026-04-02 15:08:38.144069
2092,2090,0,0,0,0,0,0,0,0,2026-04-02 15:08:38.154087
2093,2091,0,1600,0,0,0,0,0,1600,2026-04-02 15:08:38.158912
2094,2092,0,12200,0,0,0,0,0,12200,2026-04-02 15:08:38.163987
2095,2093,0,7500,0,0,0,0,0,7500,2026-04-02 15:08:38.163987
2096,2094,0,5500,0,0,0,0,0,5500,2026-04-02 15:08:38.170166
2097,2095,0,10500,4500,0,0,0,0,15000,2026-04-02 15:08:38.176263
2098,2096,0,7200,0,0,0,0,0,7200,2026-04-02 15:08:38.176263
2099,2097,0,0,0,0,0,0,0,0,2026-04-02 15:08:38.182277
2100,2098,0,5600,0,0,0,0,0,5600,2026-04-02 19:31:33.507234
2101,2099,0,4800,0,0,0,0,0,4800,2026-04-02 19:31:33.520666
2102,2100,0,1600,0,0,0,0,0,1600,2026-04-02 19:31:33.520666
2103,2101,0,3900,0,0,0,0,0,3900,2026-04-02 19:31:33.520666
2104,2102,0,1600,0,0,0,0,0,1600,2026-04-02 19:31:33.520666
2105,2103,0,2400,0,0,0,0,0,2400,2026-04-02 19:31:33.520666
2106,2104,0,2000,0,0,0,0,0,2000,2026-04-02 19:31:33.520666
2107,2105,0,0,0,0,0,0,0,0,2026-04-02 19:31:33.537397
2108,2106,0,3200,0,0,0,0,0,3200,2026-04-02 19:31:33.540229
2109,2107,0,3100,0,0,0,0,0,3100,2026-04-02 19:31:33.540229
2110,2108,0,1200,0,0,0,0,0,1200,2026-04-02 19:31:33.540229
2111,2109,0,0,0,0,0,0,0,0,2026-04-02 19:31:33.540229
2112,2110,0,2400,0,0,0,0,0,2400,2026-04-02 19:31:33.540229
2113,2111,0,2400,0,0,0,0,0,2400,2026-04-02 19:31:33.553452
2114,2112,0,0,0,0,0,0,0,0,2026-04-02 19:31:33.553452
2115,2113,0,1600,0,0,0,0,0,1600,2026-04-02 19:31:33.553452
2116,2114,0,2400,2000,0,0,0,0,4400,2026-04-02 19:31:33.553452
2117,2115,0,1600,0,0,0,0,0,1600,2026-04-02 19:31:33.553452
2118,2116,0,3200,0,0,0,0,0,3200,2026-04-02 19:31:33.553452
2119,2117,0,8700,0,0,0,0,0,8700,2026-04-02 19:31:33.570886
2120,2118,0,8800,0,0,0,0,0,8800,2026-04-02 19:31:33.570886
2121,2119,0,16400,4000,0,0,0,0,20400,2026-04-02 19:31:33.570886
2122,2120,0,4000,0,0,0,0,0,4000,2026-04-02 19:31:33.570886
2123,2121,0,0,0,0,0,0,0,0,2026-04-02 19:31:33.570886
2124,2122,0,0,0,0,0,0,0,0,2026-04-02 19:31:33.584930
2125,2123,0,15200,3000,0,0,0,0,18200,2026-04-02 19:31:33.590376
2126,2124,0,12000,0,0,0,0,0,12000,2026-04-02 19:31:33.592370
2127,2125,0,5200,0,0,0,0,0,5200,2026-04-02 19:31:33.594372
2128,2126,0,10000,0,0,0,0,0,10000,2026-04-02 19:31:33.597374
2129,2127,0,8900,0,0,0,0,0,8900,2026-04-02 19:31:33.599375
2130,2128,0,7900,0,0,0,0,0,7900,2026-04-02 19:31:33.601758
2131,2129,0,4000,0,0,0,0,0,4000,2026-04-02 19:31:33.604863
2132,2130,0,2400,0,0,0,0,0,2400,2026-04-02 19:31:33.606915
2133,2131,0,6800,0,0,0,0,0,6800,2026-04-02 19:31:33.608915
2134,2132,0,6000,0,0,0,0,0,6000,2026-04-02 19:31:33.610914
2135,2133,0,4200,0,0,0,0,0,4200,2026-04-02 19:31:33.612915
2136,2134,0,5000,500,0,0,0,0,5500,2026-04-02 19:31:33.615949
2137,2135,0,4900,500,0,0,0,0,5400,2026-04-02 19:31:33.617925
2138,2136,0,4400,500,0,0,0,0,4900,2026-04-02 19:31:33.620912
2139,2137,0,9800,0,0,0,0,0,9800,2026-04-02 19:31:33.620912
2140,2138,0,1600,0,0,0,0,0,1600,2026-04-02 19:31:33.620912
2141,2139,0,0,0,0,0,0,0,0,2026-04-02 19:31:33.620912
2142,2140,0,4800,0,0,0,0,0,4800,2026-04-02 19:31:33.620912
2143,2141,0,6400,800,0,0,0,0,7200,2026-04-02 19:31:33.620912
2144,2142,0,3200,0,0,0,0,0,3200,2026-04-02 19:31:33.620912
2145,2143,0,5600,800,0,0,0,0,6400,2026-04-02 19:31:33.636169
2146,2144,0,7200,0,0,0,0,0,7200,2026-04-02 19:31:33.636169
2147,2145,0,6400,2000,0,0,0,0,8400,2026-04-02 19:31:33.636169
2148,2146,0,3200,0,0,0,0,0,3200,2026-04-02 19:31:33.636169
2149,2147,0,5600,0,0,0,0,0,5600,2026-04-02 19:31:33.636169
2150,2148,0,1600,0,0,0,0,0,1600,2026-04-02 19:31:33.636169
2151,2149,0,6400,0,0,0,0,0,6400,2026-04-02 19:31:33.652874
2152,2150,0,3000,0,0,0,0,0,3000,2026-04-02 19:31:33.652874
2153,2151,0,2200,0,0,0,0,0,2200,2026-04-02 19:31:33.652874
2154,2152,0,4000,0,0,0,0,0,4000,2026-04-02 19:31:33.652874
2155,2153,0,4400,0,0,0,0,0,4400,2026-04-02 19:31:33.652874
2156,2154,0,12700,3500,0,0,0,0,16200,2026-04-02 19:31:33.652874
2157,2155,0,1600,0,0,0,0,0,1600,2026-04-02 19:31:33.652874
2158,2156,0,1900,0,0,0,0,0,1900,2026-04-02 19:31:33.670437
2159,2157,0,2800,0,0,0,0,0,2800,2026-04-02 19:31:33.670437
2160,2158,0,4000,0,0,0,0,0,4000,2026-04-02 19:31:33.670437
2161,2159,0,10500,0,0,0,0,0,10500,2026-04-02 19:31:33.670437
2162,2160,0,2800,0,0,0,0,0,2800,2026-04-02 19:31:33.670437
2163,2161,0,4800,0,0,0,0,0,4800,2026-04-02 19:31:33.670437
2164,2162,0,1700,0,0,0,0,0,1700,2026-04-02 19:31:33.670437
2165,2163,0,8000,0,0,0,0,0,8000,2026-04-02 19:31:33.687545
2166,2164,0,7800,3000,0,0,0,0,10800,2026-04-02 19:31:33.688106
2167,2165,0,5600,0,0,0,0,0,5600,2026-04-02 19:31:33.688106
2168,2166,0,13000,0,0,0,0,0,13000,2026-04-02 19:31:33.688106
2169,2167,0,13900,0,0,0,0,0,13900,2026-04-02 19:31:33.688106
2170,2168,0,7600,0,0,0,0,0,7600,2026-04-02 19:31:33.688106
2171,2169,0,400,0,0,0,0,0,400,2026-04-02 19:31:33.688106
2172,2170,0,0,0,0,0,0,0,0,2026-04-02 19:31:33.688106
2173,2171,0,800,0,0,0,0,0,800,2026-04-02 19:31:33.703665
2174,2172,0,400,0,0,0,0,0,400,2026-04-02 19:31:33.703665
2175,2173,0,800,0,0,0,0,0,800,2026-04-02 19:31:33.703665
2176,2174,0,0,0,0,0,0,0,0,2026-04-02 19:31:33.703665
2177,2175,0,5600,0,0,0,0,0,5600,2026-04-02 19:31:33.703665
2178,2176,0,4000,0,0,0,0,0,4000,2026-04-02 19:31:33.703665
2179,2177,0,3600,0,0,0,0,0,3600,2026-04-02 19:31:33.703665
2180,2178,0,6000,0,0,0,0,0,6000,2026-04-02 19:31:33.720577
2181,2179,0,2000,0,0,0,0,0,2000,2026-04-02 19:31:33.722621
2182,2180,0,6000,0,0,0,0,0,6000,2026-04-02 19:31:33.722621
2183,2181,0,8800,0,0,0,0,0,8800,2026-04-02 19:31:33.722621
2184,2182,0,3600,0,0,0,0,0,3600,2026-04-02 19:31:33.722621
2185,2183,0,3200,0,0,0,0,0,3200,2026-04-02 19:31:33.722621
2186,2184,0,11100,1500,0,0,0,0,12600,2026-04-02 19:31:33.722621
2187,2185,0,4100,500,0,0,0,0,4600,2026-04-02 19:31:33.735235
2188,2186,0,4000,0,0,0,0,0,4000,2026-04-02 19:31:33.737294
2189,2187,0,0,0,0,0,0,0,0,2026-04-02 19:31:33.737294
2190,2188,0,0,0,0,0,0,0,0,2026-04-02 19:31:33.737294
2191,2189,0,0,0,0,0,0,0,0,2026-04-02 19:31:33.737294
2192,2190,0,2800,0,0,0,0,0,2800,2026-04-02 19:31:33.737294
2193,2191,0,5100,0,0,0,0,0,5100,2026-04-02 19:31:33.737294
2194,2192,0,4800,0,0,0,0,0,4800,2026-04-02 19:31:33.737294
2195,2193,0,0,0,0,0,0,0,0,2026-04-02 19:31:33.737294
2196,2194,0,0,0,0,0,0,0,0,2026-04-02 19:31:33.753663
2197,2195,0,2000,0,0,0,0,0,2000,2026-04-02 19:31:33.753663
2198,2196,0,3600,0,0,0,0,0,3600,2026-04-02 19:31:33.753663
2199,2197,0,2400,0,0,0,0,0,2400,2026-04-02 19:31:33.753663
2200,2198,0,15400,0,0,0,0,0,15400,2026-04-02 19:31:33.753663
2201,2199,0,3600,0,0,0,0,0,3600,2026-04-02 19:31:33.753663
2202,2200,0,3300,0,0,0,0,0,3300,2026-04-02 19:31:33.753663
2203,2201,0,36600,23600,0,0,0,0,60200,2026-04-02 19:31:33.768689
2204,2202,0,7800,3000,0,0,0,0,10800,2026-04-02 19:31:33.771464
2205,2203,0,14300,0,0,0,0,0,14300,2026-04-02 19:31:33.771464
2206,2204,0,13700,0,0,0,0,0,13700,2026-04-02 19:31:33.771464
2207,2205,0,11500,0,0,0,0,0,11500,2026-04-02 19:31:33.771464
2208,2206,0,11100,2000,0,0,0,0,13100,2026-04-02 19:31:33.771464
2209,2207,0,9600,3300,0,0,0,0,12900,2026-04-02 19:31:33.771464
2210,2208,0,3200,0,0,0,0,0,3200,2026-04-02 19:31:33.771464
2211,2209,0,1200,0,0,0,0,0,1200,2026-04-02 19:31:33.787245
2212,2210,0,3000,0,0,0,0,0,3000,2026-04-02 19:31:33.787245
2213,2211,0,5800,0,0,0,0,0,5800,2026-04-02 19:31:33.787245
2214,2212,0,5300,0,0,0,0,0,5300,2026-04-02 19:31:33.787245
2215,2213,0,20100,5300,0,0,0,0,25400,2026-04-02 19:31:33.787245
2216,2214,0,5500,0,0,0,0,0,5500,2026-04-02 19:31:33.787245
2217,2215,0,0,0,0,0,0,0,0,2026-04-02 19:31:33.787245
2218,2216,0,9300,0,0,0,0,0,9300,2026-04-02 19:31:33.803286
2219,2217,0,300,0,0,0,0,0,300,2026-04-02 19:31:33.805302
2220,2218,0,0,0,0,0,0,0,0,2026-04-02 19:31:33.805302
2221,2219,0,7000,4000,0,0,0,0,11000,2026-04-02 19:31:33.805302
2222,2220,0,500,0,0,0,0,0,500,2026-04-02 19:31:33.805302
2223,2221,0,0,0,0,0,0,0,0,2026-04-02 19:31:33.819528
2224,2222,0,0,0,0,0,0,0,0,2026-04-02 19:31:33.819528
2225,2223,0,4400,0,0,0,0,0,4400,2026-04-02 19:31:33.819528
2226,2224,0,8900,4000,0,0,0,0,12900,2026-04-02 19:31:33.819528
2227,2225,0,5500,0,0,0,0,0,5500,2026-04-02 19:31:33.819528
2228,2226,0,11000,0,0,0,0,0,11000,2026-04-02 19:31:33.819528
2229,2227,0,10300,0,0,0,0,0,10300,2026-04-02 19:31:33.836839
2230,2228,0,3000,0,0,0,0,0,3000,2026-04-02 19:31:33.836839
2231,2229,0,400,0,0,0,0,0,400,2026-04-02 19:31:33.836839
2232,2230,0,4400,0,0,0,0,0,4400,2026-04-02 19:31:33.842726
2233,2231,0,3400,0,0,0,0,0,3400,2026-04-02 19:31:33.842726
2234,2232,0,7500,0,0,0,0,0,7500,2026-04-02 19:31:33.842726
2235,2233,0,4000,0,0,0,0,0,4000,2026-04-02 19:31:33.842726
2236,2234,0,5000,0,0,0,0,0,5000,2026-04-02 19:31:33.842726
2237,2235,0,6000,0,0,0,0,0,6000,2026-04-02 19:31:33.852979
2238,2236,0,6000,0,0,0,0,0,6000,2026-04-02 19:31:33.853605
2239,2237,0,300,0,0,0,0,0,300,2026-04-02 19:31:33.853605
2240,2238,0,0,0,0,0,0,0,0,2026-04-02 19:31:33.853605
2241,2239,0,6500,0,0,0,0,0,6500,2026-04-02 19:31:33.853605
2242,2240,0,4000,0,0,0,0,0,4000,2026-04-02 19:31:33.853605
2243,2241,0,1000,0,0,0,0,0,1000,2026-04-02 19:31:33.853605
2244,2242,0,3000,0,0,0,0,0,3000,2026-04-02 19:31:33.869768
2245,2243,0,3500,0,0,0,0,0,3500,2026-04-02 19:31:33.871777
2246,2244,0,7300,0,0,0,0,0,7300,2026-04-02 19:31:33.871777
2247,2245,0,4000,0,0,0,0,0,4000,2026-04-02 19:31:33.871777
2248,2246,0,1200,0,0,0,0,0,1200,2026-04-02 19:31:33.871777
2249,2247,0,0,0,0,0,0,0,0,2026-04-02 19:31:33.871777
2250,2248,0,7200,700,0,0,0,0,7900,2026-04-02 19:31:33.871777
2251,2249,0,5000,0,0,0,0,0,5000,2026-04-02 19:31:33.887157
2252,2250,0,18100,700,0,0,0,0,18800,2026-04-02 19:31:33.887157
2253,2251,0,7200,700,0,0,0,0,7900,2026-04-02 19:31:33.887157
2254,2252,0,15200,1000,0,0,0,0,16200,2026-04-02 19:31:33.887157
2255,2253,0,4200,1000,0,0,0,0,5200,2026-04-02 19:31:33.887157
2256,2254,0,0,0,0,0,0,0,0,2026-04-02 19:31:33.887157
2257,2255,0,800,0,0,0,0,0,800,2026-04-02 19:31:33.887157
2258,2256,0,0,0,0,0,0,0,0,2026-04-02 19:31:33.887157
2259,2257,0,10900,0,0,0,0,0,10900,2026-04-02 19:31:33.903966
2260,2258,0,4500,0,0,0,0,0,4500,2026-04-02 19:31:33.906169
2261,2259,0,7000,0,0,0,0,0,7000,2026-04-02 19:31:33.906169
2262,2260,0,3500,0,0,0,0,0,3500,2026-04-02 19:31:33.906169
2263,2261,0,5500,0,0,0,0,0,5500,2026-04-02 19:31:33.906169
2264,2262,0,3000,0,0,0,0,0,3000,2026-04-02 19:31:33.906169
2265,2263,0,2100,0,0,0,0,0,2100,2026-04-02 19:31:33.919007
2266,2264,0,0,0,0,0,0,0,0,2026-04-02 19:31:33.919490
2267,2265,0,3000,0,0,0,0,0,3000,2026-04-02 19:33:26.308137
2268,2266,0,7200,0,0,0,0,0,7200,2026-04-02 19:33:26.310175
2269,2267,0,7000,0,0,0,0,0,7000,2026-04-02 19:33:26.312170
2270,2268,0,6300,0,0,0,0,0,6300,2026-04-02 19:33:26.316174
2271,2269,0,7900,0,0,0,0,0,7900,2026-04-02 19:33:26.318175
2272,2270,0,8000,0,0,0,0,0,8000,2026-04-02 19:33:26.319710
2273,2271,0,3500,0,0,0,0,0,3500,2026-04-02 19:33:26.323266
2274,2272,0,4500,0,0,0,0,0,4500,2026-04-02 19:33:26.324587
2275,2273,0,0,0,0,0,0,0,0,2026-04-02 19:33:26.326587
2276,2274,0,3600,0,0,0,0,0,3600,2026-04-02 19:33:26.328588
2277,2275,0,1600,0,0,0,0,0,1600,2026-04-02 19:33:26.330588
2278,2276,0,3900,0,0,0,0,0,3900,2026-04-02 19:33:26.332124
2279,2277,0,0,0,0,0,0,0,0,2026-04-02 19:33:26.336437
2280,2278,0,6400,0,0,0,0,0,6400,2026-04-02 19:33:26.340670
2281,2279,0,9800,0,0,0,0,0,9800,2026-04-02 19:33:26.343286
2282,2280,0,6400,0,0,0,0,0,6400,2026-04-02 19:33:26.345222
2283,2281,0,10400,0,0,0,0,0,10400,2026-04-02 19:33:26.345222
2284,2282,0,11200,0,0,0,0,0,11200,2026-04-02 19:33:26.345222
2285,2283,0,0,0,0,0,0,0,0,2026-04-02 19:33:26.345222
2286,2284,0,2000,0,0,0,0,0,2000,2026-04-02 19:33:26.353128
2287,2285,0,800,0,0,0,0,0,800,2026-04-02 19:33:26.353944
2288,2286,0,800,0,0,0,0,0,800,2026-04-02 19:33:26.353944
2289,2287,0,5200,0,0,0,0,0,5200,2026-04-02 19:33:26.353944
2290,2288,0,7200,0,0,0,0,0,7200,2026-04-02 19:33:26.353944
2291,2289,0,3200,0,0,0,0,0,3200,2026-04-02 19:33:26.353944
2292,2290,0,0,0,0,0,0,0,0,2026-04-02 19:33:26.353944
2293,2291,0,0,0,0,0,0,0,0,2026-04-02 19:33:26.369891
2294,2292,0,2400,0,0,0,0,0,2400,2026-04-02 19:33:26.372916
2295,2293,0,0,0,0,0,0,0,0,2026-04-02 19:33:26.372916
2296,2294,0,200,0,0,0,0,0,200,2026-04-02 19:33:26.372916
2297,2295,0,6000,0,0,0,0,0,6000,2026-04-02 19:33:26.372916
2298,2296,0,5600,0,0,0,0,0,5600,2026-04-02 19:33:26.387615
2299,2297,0,2000,0,0,0,0,0,2000,2026-04-02 19:33:26.388454
2300,2298,0,2800,0,0,0,0,0,2800,2026-04-02 19:33:26.388454
2301,2299,0,6000,0,0,0,0,0,6000,2026-04-02 19:33:26.388454
2302,2300,0,800,0,0,0,0,0,800,2026-04-02 19:33:26.388454
2303,2301,0,0,0,0,0,0,0,0,2026-04-02 19:33:26.388454
2304,2302,0,0,0,0,0,0,0,0,2026-04-02 19:33:26.403267
2305,2303,0,3600,0,0,0,0,0,3600,2026-04-02 19:33:26.405077
2306,2304,0,0,0,0,0,0,0,0,2026-04-02 19:33:26.405077
2307,2305,0,13200,4000,0,0,0,0,17200,2026-04-02 19:33:26.405077
2308,2306,0,8600,0,0,0,0,0,8600,2026-04-02 19:33:26.405077
2309,2307,0,16600,0,0,0,0,0,16600,2026-04-02 19:33:26.405077
2310,2308,0,8000,0,0,0,0,0,8000,2026-04-02 19:33:26.419848
2311,2309,0,2000,0,0,0,0,0,2000,2026-04-02 19:33:26.423530
2312,2310,0,0,0,0,0,0,0,0,2026-04-02 19:33:26.423530
2313,2311,0,0,0,0,0,0,0,0,2026-04-02 19:33:26.423530
2314,2312,0,4900,0,0,0,0,0,4900,2026-04-02 19:33:26.423530
2315,2313,0,1500,0,0,0,0,0,1500,2026-04-02 19:33:26.423530
2316,2314,0,6800,0,0,0,0,0,6800,2026-04-02 19:33:26.436230
2317,2315,0,2400,0,0,0,0,0,2400,2026-04-02 19:33:26.438525
2318,2316,0,12300,2000,0,0,0,0,14300,2026-04-02 19:33:26.440577
2319,2317,0,2200,0,0,0,0,0,2200,2026-04-02 19:33:26.442580
2320,2318,0,26500,17000,0,0,0,0,43500,2026-04-02 19:33:26.444581
2321,2319,0,5200,0,0,0,0,0,5200,2026-04-02 19:33:26.446577
2322,2320,0,6400,0,0,0,0,0,6400,2026-04-02 19:33:26.448578
2323,2321,0,0,0,0,0,0,0,0,2026-04-02 19:33:26.452581
2324,2322,0,0,0,0,0,0,0,0,2026-04-02 19:33:26.456068
2325,2323,0,100,0,0,0,0,0,100,2026-04-02 19:33:26.458072
2326,2324,0,0,0,0,0,0,0,0,2026-04-02 19:33:26.461131
2327,2325,0,400,0,0,0,0,0,400,2026-04-02 19:33:26.463123
2328,2326,0,400,0,0,0,0,0,400,2026-04-02 19:33:26.465122
2329,2327,0,400,0,0,0,0,0,400,2026-04-02 19:33:26.467123
2330,2328,0,1200,0,0,0,0,0,1200,2026-04-02 19:33:26.469128
2331,2329,0,2800,0,0,0,0,0,2800,2026-04-02 19:33:26.471739
2332,2330,0,3600,0,0,0,0,0,3600,2026-04-02 19:33:26.471739
2333,2331,0,12200,0,0,0,0,0,12200,2026-04-02 19:33:26.471739
2334,2332,0,800,0,0,0,0,0,800,2026-04-02 19:33:26.471739
2335,2333,0,400,0,0,0,0,0,400,2026-04-02 19:33:26.471739
2336,2334,0,1600,0,0,0,0,0,1600,2026-04-02 19:33:26.471739
2337,2335,0,2200,0,0,0,0,0,2200,2026-04-02 19:33:26.471739
2338,2336,0,2200,0,0,0,0,0,2200,2026-04-02 19:33:26.488313
2339,2337,0,1200,0,0,0,0,0,1200,2026-04-02 19:33:26.490357
2340,2338,0,4000,0,0,0,0,0,4000,2026-04-02 19:33:26.490902
2341,2339,0,4000,0,0,0,0,0,4000,2026-04-02 19:33:26.490902
2342,2340,0,500,0,0,0,0,0,500,2026-04-02 19:33:26.490902
2343,2341,0,7100,1500,0,0,0,0,8600,2026-04-02 19:33:26.490902
2344,2342,0,9600,0,0,0,0,0,9600,2026-04-02 19:33:26.490902
2345,2343,0,9200,0,0,0,0,0,9200,2026-04-02 19:33:26.490902
2346,2344,0,5500,1500,0,0,0,0,7000,2026-04-02 19:33:26.505479
2347,2345,0,1400,0,0,0,0,0,1400,2026-04-02 19:33:26.506527
2348,2346,0,12900,1000,0,0,0,0,13900,2026-04-02 19:33:26.506527
2349,2347,0,3200,0,0,0,0,0,3200,2026-04-02 19:33:26.506527
2350,2348,0,2000,0,0,0,0,0,2000,2026-04-02 19:33:26.506527
2351,2349,0,17400,0,0,0,0,0,17400,2026-04-02 19:33:26.506527
2352,2350,0,5700,600,0,0,0,0,6300,2026-04-02 19:33:26.506527
2353,2351,0,9500,1000,0,0,0,0,10500,2026-04-02 19:33:26.519791
2354,2352,0,6300,0,0,0,0,0,6300,2026-04-02 19:33:26.521476
2355,2353,0,0,0,0,0,0,0,0,2026-04-02 19:33:26.523523
2356,2354,0,800,0,0,0,0,0,800,2026-04-02 19:33:26.523523
2357,2355,0,1100,0,0,0,0,0,1100,2026-04-02 19:33:26.523523
2358,2356,0,6400,0,0,0,0,0,6400,2026-04-02 19:33:26.523523
2359,2357,0,0,0,0,0,0,0,0,2026-04-02 19:33:26.523523
2360,2358,0,3600,0,0,0,0,0,3600,2026-04-02 19:33:26.523523
2361,2359,0,4700,0,0,0,0,0,4700,2026-04-02 19:33:26.536493
2362,2360,0,5500,0,0,0,0,0,5500,2026-04-02 19:33:26.539088
2363,2361,0,4600,0,0,0,0,0,4600,2026-04-02 19:33:26.539088
2364,2362,0,2100,0,0,0,0,0,2100,2026-04-02 19:33:26.539088
2365,2363,0,4000,0,0,0,0,0,4000,2026-04-02 19:33:26.539088
2366,2364,0,11100,900,0,0,0,0,12000,2026-04-02 19:33:26.539088
2367,2365,0,9500,900,0,0,0,0,10400,2026-04-02 19:33:26.539088
2368,2366,0,5500,0,0,0,0,0,5500,2026-04-02 19:33:26.554149
2369,2367,0,4700,0,0,0,0,0,4700,2026-04-02 19:33:26.556151
2370,2368,0,4000,0,0,0,0,0,4000,2026-04-02 19:33:26.558211
2371,2369,0,6300,800,0,0,0,0,7100,2026-04-02 19:33:26.561204
2372,2370,0,2000,0,0,0,0,0,2000,2026-04-02 19:33:26.563203
2373,2371,0,1300,0,0,0,0,0,1300,2026-04-02 19:33:26.565204
2374,2372,0,6400,0,0,0,0,0,6400,2026-04-02 19:33:26.567209
2375,2373,0,2300,0,0,0,0,0,2300,2026-04-02 19:33:26.569481
2376,2374,0,800,0,0,0,0,0,800,2026-04-02 19:33:26.571796
2377,2375,0,2000,0,0,0,0,0,2000,2026-04-02 19:33:26.573984
2378,2376,0,0,0,0,0,0,0,0,2026-04-02 19:33:26.575984
2379,2377,0,4400,0,0,0,0,0,4400,2026-04-02 19:33:26.578985
2380,2378,0,2500,0,0,0,0,0,2500,2026-04-02 19:33:26.581984
2381,2379,0,3300,0,0,0,0,0,3300,2026-04-02 19:33:26.583988
2382,2380,0,2000,0,0,0,0,0,2000,2026-04-02 19:33:26.586010
2383,2381,0,5900,0,0,0,0,0,5900,2026-04-02 19:33:26.588623
2384,2382,0,11800,0,0,0,0,0,11800,2026-04-02 19:33:26.590667
2385,2383,0,7700,0,0,0,0,0,7700,2026-04-02 19:33:26.590667
2386,2384,0,1200,0,0,0,0,0,1200,2026-04-02 19:33:26.590667
2387,2385,0,0,0,0,0,0,0,0,2026-04-02 19:33:26.590667
2388,2386,0,1600,0,0,0,0,0,1600,2026-04-02 19:33:26.590667
2389,2387,0,2000,0,0,0,0,0,2000,2026-04-02 19:33:26.590667
2390,2388,0,7600,0,0,0,0,0,7600,2026-04-02 19:33:26.605417
2391,2389,0,7200,0,0,0,0,0,7200,2026-04-02 19:33:26.605417
2392,2390,0,400,0,0,0,0,0,400,2026-04-02 19:33:26.605417
2393,2391,0,0,0,0,0,0,0,0,2026-04-02 19:33:26.605417
2394,2392,0,0,0,0,0,0,0,0,2026-04-02 19:33:26.605417
2395,2393,0,800,0,0,0,0,0,800,2026-04-02 19:33:26.605417
2396,2394,0,0,0,0,0,0,0,0,2026-04-02 19:33:26.621685
2397,2395,0,2400,0,0,0,0,0,2400,2026-04-02 19:33:26.623729
2398,2396,0,4400,0,0,0,0,0,4400,2026-04-02 19:33:26.623729
2399,2397,0,2400,0,0,0,0,0,2400,2026-04-02 19:33:26.623729
2400,2398,0,400,0,0,0,0,0,400,2026-04-02 19:33:26.637631
2401,2399,0,0,0,0,0,0,0,0,2026-04-02 19:33:26.639754
2402,2400,0,800,0,0,0,0,0,800,2026-04-02 19:33:26.642100
2403,2401,0,800,0,0,0,0,0,800,2026-04-02 19:33:26.642100
2404,2402,0,400,0,0,0,0,0,400,2026-04-02 19:33:26.642100
2405,2403,0,4100,0,0,0,0,0,4100,2026-04-02 19:33:26.642100
2406,2404,0,2400,0,0,0,0,0,2400,2026-04-02 19:33:26.655024
2407,2405,0,1200,0,0,0,0,0,1200,2026-04-02 19:33:26.655024
2408,2406,0,3700,0,0,0,0,0,3700,2026-04-02 19:33:26.655024
2409,2407,0,1500,0,0,0,0,0,1500,2026-04-02 19:33:26.655024
2410,2408,0,1600,0,0,0,0,0,1600,2026-04-02 19:33:26.655024
2411,2409,0,3500,0,0,0,0,0,3500,2026-04-02 19:33:26.669601
2412,2410,0,1200,0,0,0,0,0,1200,2026-04-02 19:33:26.672356
2413,2411,0,2800,0,0,0,0,0,2800,2026-04-02 19:33:26.675409
2414,2412,0,3600,0,0,0,0,0,3600,2026-04-02 19:33:26.677407
2415,2413,0,3200,0,0,0,0,0,3200,2026-04-02 19:33:26.680408
2416,2414,0,0,0,0,0,0,0,0,2026-04-02 19:33:26.682413
2417,2415,0,2000,0,0,0,0,0,2000,2026-04-02 19:33:26.685412
2418,2416,0,5700,0,0,0,0,0,5700,2026-04-02 19:33:26.687978
2419,2417,0,0,0,0,0,0,0,0,2026-04-02 19:33:26.691398
2420,2418,0,2000,0,0,0,0,0,2000,2026-04-02 19:33:26.695393
2421,2419,0,0,0,0,0,0,0,0,2026-04-02 19:33:26.698442
2422,2420,0,6000,0,0,0,0,0,6000,2026-04-02 19:33:26.700445
2423,2421,0,3200,0,0,0,0,0,3200,2026-04-02 19:33:26.704403
2424,2422,0,800,0,0,0,0,0,800,2026-04-02 19:33:26.707074
2425,2423,0,6800,0,0,0,0,0,6800,2026-04-02 19:33:26.707074
2426,2424,0,4400,0,0,0,0,0,4400,2026-04-02 19:33:26.712503
2427,2425,0,2000,0,0,0,0,0,2000,2026-04-02 19:33:26.712503
2428,2426,0,1600,0,0,0,0,0,1600,2026-04-02 19:33:26.712503
2429,2427,0,0,0,0,0,0,0,0,2026-04-02 19:33:26.719948
2430,2428,0,2000,0,0,0,0,0,2000,2026-04-02 19:33:26.722839
2431,2429,0,1200,0,0,0,0,0,1200,2026-04-02 19:33:26.724995
2432,2430,0,2000,0,0,0,0,0,2000,2026-04-02 19:33:26.724995
2433,2431,0,3200,0,0,0,0,0,3200,2026-04-02 19:33:26.724995
2434,2432,0,10800,0,0,0,0,0,10800,2026-04-02 19:33:26.736617
2435,2433,0,0,0,0,0,0,0,0,2026-04-02 19:33:26.738784
2436,2434,0,0,0,0,0,0,0,0,2026-04-02 19:33:26.738784
2437,2435,0,0,0,0,0,0,0,0,2026-04-02 19:33:26.738784
2438,2436,0,4400,0,0,0,0,0,4400,2026-04-02 19:33:26.738784
2439,2437,0,2000,0,0,0,0,0,2000,2026-04-02 19:33:26.738784
2440,2438,0,2000,0,0,0,0,0,2000,2026-04-02 19:33:26.738784
2441,2439,0,200,0,0,0,0,0,200,2026-04-02 19:33:26.754993
2442,2440,0,0,0,0,0,0,0,0,2026-04-02 19:33:26.754993
2443,2441,0,0,0,0,0,0,0,0,2026-04-02 19:33:26.754993
2444,2442,0,0,0,0,0,0,0,0,2026-04-02 19:33:26.754993
2445,2443,0,2400,0,0,0,0,0,2400,2026-04-02 19:33:26.754993
2446,2444,0,0,0,0,0,0,0,0,2026-04-02 19:33:26.767460
2447,2445,0,2800,0,0,0,0,0,2800,2026-04-02 19:33:26.771498
2448,2446,0,2400,0,0,0,0,0,2400,2026-04-02 19:33:26.775532
2449,2447,0,9900,0,0,0,0,0,9900,2026-04-02 19:33:26.780946
2450,2448,0,1600,0,0,0,0,0,1600,2026-04-02 19:33:26.784676
2451,2449,0,0,0,0,0,0,0,0,2026-04-02 19:33:26.787506
2452,2450,0,0,0,0,0,0,0,0,2026-04-02 19:33:26.789032
2453,2451,0,1200,0,0,0,0,0,1200,2026-04-02 19:33:26.790046
2454,2452,0,2800,0,0,0,0,0,2800,2026-04-02 19:33:26.792574
2455,2453,0,1600,0,0,0,0,0,1600,2026-04-02 19:33:26.794574
2456,2454,0,2800,0,0,0,0,0,2800,2026-04-02 19:33:26.795575
2457,2455,0,4800,0,0,0,0,0,4800,2026-04-02 19:33:26.797573
2458,2456,0,2800,0,0,0,0,0,2800,2026-04-02 19:33:26.799573
2459,2457,0,3200,0,0,0,0,0,3200,2026-04-02 19:33:26.800589
2460,2458,0,0,0,0,0,0,0,0,2026-04-02 19:33:26.803238
2461,2459,0,0,0,0,0,0,0,0,2026-04-02 19:33:26.805526
2462,2460,0,2000,0,0,0,0,0,2000,2026-04-02 19:33:26.807525
2463,2461,0,4300,0,0,0,0,0,4300,2026-04-02 19:33:26.808536
2464,2462,0,8000,0,0,0,0,0,8000,2026-04-02 19:33:26.810536
2465,2463,0,22900,4000,0,0,0,0,26900,2026-04-02 19:33:26.811538
2466,2464,0,9800,1500,0,0,0,0,11300,2026-04-02 19:33:26.813538
2467,2465,0,22700,8800,0,0,0,0,31500,2026-04-02 19:33:26.815538
2468,2466,0,12000,4500,0,0,0,0,16500,2026-04-02 19:33:26.817538
2469,2467,0,21400,8800,0,0,0,0,30200,2026-04-02 19:33:26.819544
2470,2468,0,5700,0,0,0,0,0,5700,2026-04-02 19:33:26.821538
2471,2469,0,3900,0,0,0,0,0,3900,2026-04-02 19:33:26.825065
2472,2470,0,1900,0,0,0,0,0,1900,2026-04-02 19:33:26.828064
2473,2471,0,800,0,0,0,0,0,800,2026-04-02 19:33:26.830065
2474,2472,0,2400,0,0,0,0,0,2400,2026-04-02 19:33:26.832064
2475,2473,0,2800,0,0,0,0,0,2800,2026-04-02 19:33:26.834065
2476,2474,0,2000,0,0,0,0,0,2000,2026-04-02 19:33:26.835065
2477,2475,0,0,0,0,0,0,0,0,2026-04-02 19:33:26.837380
2478,2476,0,1300,0,0,0,0,0,1300,2026-04-02 19:33:26.839377
2479,2477,0,0,0,0,0,0,0,0,2026-04-02 19:33:26.840377
2480,2478,0,2600,0,0,0,0,0,2600,2026-04-03 06:49:14.200691
2481,2479,0,4800,0,0,0,0,0,4800,2026-04-03 06:49:14.205210
2482,2480,0,2000,0,0,0,0,0,2000,2026-04-03 06:49:14.207027
2483,2481,0,3200,0,0,0,0,0,3200,2026-04-03 06:49:14.207027
2484,2482,0,5200,0,0,0,0,0,5200,2026-04-03 06:49:14.207027
2485,2483,0,0,0,0,0,0,0,0,2026-04-03 06:49:14.222833
2486,2484,0,1600,0,0,0,0,0,1600,2026-04-03 06:49:14.222833
2487,2485,0,6400,0,0,0,0,0,6400,2026-04-03 06:49:14.222833
2488,2486,0,11000,0,0,0,0,0,11000,2026-04-03 06:49:14.238976
2489,2487,0,800,0,0,0,0,0,800,2026-04-03 06:49:14.238976
2490,2488,0,1600,0,0,0,0,0,1600,2026-04-03 06:49:14.238976
2491,2489,0,1200,0,0,0,0,0,1200,2026-04-03 06:49:14.252999
2492,2490,0,0,0,0,0,0,0,0,2026-04-03 06:49:14.255399
2493,2491,0,0,0,0,0,0,0,0,2026-04-03 06:49:14.255399
2494,2492,0,2400,0,0,0,0,0,2400,2026-04-03 06:49:14.255399
2495,2493,0,6200,0,0,0,0,0,6200,2026-04-03 06:49:14.269679
2496,2494,0,6600,3500,0,0,0,0,10100,2026-04-03 06:49:14.270766
2497,2495,0,5000,0,0,0,0,0,5000,2026-04-03 06:49:14.270766
2498,2496,0,0,0,0,0,0,0,0,2026-04-03 06:49:14.270766
2499,2497,0,3600,0,0,0,0,0,3600,2026-04-03 06:49:14.286492
2500,2498,0,4800,0,0,0,0,0,4800,2026-04-03 06:49:14.286492
2501,2499,0,11300,0,0,0,0,0,11300,2026-04-03 06:49:14.286492
2502,2500,0,6400,0,0,0,0,0,6400,2026-04-03 06:49:14.286492
2503,2501,0,0,0,0,0,0,0,0,2026-04-03 06:49:14.286492
2504,2502,0,0,0,0,0,0,0,0,2026-04-03 06:49:14.303246
2505,2503,0,0,0,0,0,0,0,0,2026-04-03 06:49:14.305257
2506,2504,0,0,0,0,0,0,0,0,2026-04-03 06:49:14.305257
2507,2505,0,3200,0,0,0,0,0,3200,2026-04-03 06:49:14.305257
2508,2506,0,5200,0,0,0,0,0,5200,2026-04-03 06:49:14.318412
2509,2507,0,8000,0,0,0,0,0,8000,2026-04-03 06:49:14.318412
2510,2508,0,11800,0,0,0,0,0,11800,2026-04-03 06:49:14.318412
2511,2509,0,3600,0,0,0,0,0,3600,2026-04-03 06:49:14.318412
2512,2510,0,4600,0,0,0,0,0,4600,2026-04-03 06:49:14.318412
2513,2511,0,0,0,0,0,0,0,0,2026-04-03 06:49:14.335677
2514,2512,0,1200,0,0,0,0,0,1200,2026-04-03 06:49:14.335677
2515,2513,0,7600,0,0,0,0,0,7600,2026-04-03 06:49:14.335677
2516,2514,0,7600,0,0,0,0,0,7600,2026-04-03 06:49:14.335677
2517,2515,0,5200,0,0,0,0,0,5200,2026-04-03 06:49:14.350270
2518,2516,0,1200,0,0,0,0,0,1200,2026-04-03 06:49:14.361369
2519,2517,0,0,0,0,0,0,0,0,2026-04-03 06:49:14.365397
2520,2518,0,3600,0,0,0,0,0,3600,2026-04-03 06:49:14.369427
2521,2519,0,2400,0,0,0,0,0,2400,2026-04-03 06:49:14.375468
2522,2520,0,2800,0,0,0,0,0,2800,2026-04-03 06:49:14.377483
2523,2521,0,2000,0,0,0,0,0,2000,2026-04-03 06:49:14.381254
2524,2522,0,1200,0,0,0,0,0,1200,2026-04-03 06:49:14.381254
2525,2523,0,3700,1300,0,0,0,0,5000,2026-04-03 06:49:14.381254
2526,2524,0,400,0,0,0,0,0,400,2026-04-03 06:49:14.397160
2527,2525,0,5300,1300,0,0,0,0,6600,2026-04-03 06:49:14.397160
2528,2526,0,14800,0,0,0,0,0,14800,2026-04-03 06:49:14.397160
2529,2527,0,3200,0,0,0,0,0,3200,2026-04-03 06:49:14.397160
2530,2528,0,0,0,0,0,0,0,0,2026-04-03 06:49:14.397160
2531,2529,0,0,0,0,0,0,0,0,2026-04-03 06:49:14.412960
2532,2530,0,1600,0,0,0,0,0,1600,2026-04-03 06:49:14.412960
2533,2531,0,3200,0,0,0,0,0,3200,2026-04-03 06:49:14.412960
2534,2532,0,3200,0,0,0,0,0,3200,2026-04-03 06:49:14.412960
2535,2533,0,4800,0,0,0,0,0,4800,2026-04-03 06:49:14.428712
2536,2534,0,6400,0,0,0,0,0,6400,2026-04-03 06:49:14.428712
2537,2535,0,0,0,0,0,0,0,0,2026-04-03 06:49:14.428712
2538,2536,0,2400,0,0,0,0,0,2400,2026-04-03 06:49:14.428712
2539,2537,0,2800,0,0,0,0,0,2800,2026-04-03 06:49:14.444800
2540,2538,0,4400,0,0,0,0,0,4400,2026-04-03 06:49:14.444800
2541,2539,0,6400,0,0,0,0,0,6400,2026-04-03 06:49:14.444800
2542,2540,0,6400,0,0,0,0,0,6400,2026-04-03 06:49:14.444800
2543,2541,0,3600,0,0,0,0,0,3600,2026-04-03 06:49:14.460700
2544,2542,0,0,0,0,0,0,0,0,2026-04-03 06:49:14.460700
2545,2543,0,1700,0,0,0,0,0,1700,2026-04-03 06:49:14.460700
2546,2544,0,1200,0,0,0,0,0,1200,2026-04-03 06:49:14.476422
2547,2545,0,1200,0,0,0,0,0,1200,2026-04-03 06:49:14.480492
2548,2546,0,1200,0,0,0,0,0,1200,2026-04-03 06:49:14.480492
2549,2547,0,4800,0,0,0,0,0,4800,2026-04-03 06:49:14.480492
2550,2548,0,3200,0,0,0,0,0,3200,2026-04-03 06:49:14.492350
2551,2549,0,0,0,0,0,0,0,0,2026-04-03 06:49:14.492350
2552,2550,0,0,0,0,0,0,0,0,2026-04-03 06:49:14.492350
2553,2551,0,0,0,0,0,0,0,0,2026-04-03 06:49:14.492350
2554,2552,0,4000,0,0,0,0,0,4000,2026-04-03 06:49:14.492350
2555,2553,0,7700,0,0,0,0,0,7700,2026-04-03 06:49:14.508459
2556,2554,0,17000,0,0,0,0,0,17000,2026-04-03 06:49:14.508459
2557,2555,0,8400,0,0,0,0,0,8400,2026-04-03 06:49:14.508459
2558,2556,0,1900,0,0,0,0,0,1900,2026-04-03 06:49:14.508459
2559,2557,0,2300,0,0,0,0,0,2300,2026-04-03 06:49:14.524593
2560,2558,0,1500,0,0,0,0,0,1500,2026-04-03 06:49:14.524593
2561,2559,0,3000,0,0,0,0,0,3000,2026-04-03 06:49:14.524593
2562,2560,0,0,0,0,0,0,0,0,2026-04-03 06:49:14.540765
2563,2561,0,0,0,0,0,0,0,0,2026-04-03 06:49:14.540765
2564,2562,0,0,0,0,0,0,0,0,2026-04-03 06:49:14.540765
2565,2563,0,0,0,0,0,0,0,0,2026-04-03 06:49:14.540765
2566,2564,0,5100,0,0,0,0,0,5100,2026-04-03 06:49:14.558978
2567,2565,0,4400,0,0,0,0,0,4400,2026-04-03 06:49:14.561332
2568,2566,0,3600,0,0,0,0,0,3600,2026-04-03 06:49:14.561332
2569,2567,0,8900,0,0,0,0,0,8900,2026-04-03 06:49:14.561332
2570,2568,0,2900,0,0,0,0,0,2900,2026-04-03 06:49:14.572761
2571,2569,0,1500,0,0,0,0,0,1500,2026-04-03 06:49:14.572761
2572,2570,0,1500,0,0,0,0,0,1500,2026-04-03 06:49:14.572761
2573,2571,0,2700,0,0,0,0,0,2700,2026-04-03 06:49:14.572761
2574,2572,0,0,0,0,0,0,0,0,2026-04-03 06:49:14.588877
2575,2573,0,0,0,0,0,0,0,0,2026-04-03 06:49:14.588877
2576,2574,0,2000,0,0,0,0,0,2000,2026-04-03 06:49:14.588877
2577,2575,0,3200,0,0,0,0,0,3200,2026-04-03 06:49:14.588877
2578,2576,0,5600,0,0,0,0,0,5600,2026-04-03 06:49:14.604954
2579,2577,0,0,0,0,0,0,0,0,2026-04-03 06:49:14.609375
2580,2578,0,800,0,0,0,0,0,800,2026-04-03 06:49:14.609375
2581,2579,0,1600,0,0,0,0,0,1600,2026-04-03 06:49:14.609375
2582,2580,0,3600,0,0,0,0,0,3600,2026-04-03 06:49:14.609375
2583,2581,0,4800,0,0,0,0,0,4800,2026-04-03 06:49:14.621095
2584,2582,0,7900,0,0,0,0,0,7900,2026-04-03 06:49:14.621095
2585,2583,0,1200,0,0,0,0,0,1200,2026-04-03 06:49:14.621095
2586,2584,0,6000,0,0,0,0,0,6000,2026-04-03 06:49:14.621095
2587,2585,0,4000,0,0,0,0,0,4000,2026-04-03 06:49:14.637020
2588,2586,0,11900,0,0,0,0,0,11900,2026-04-03 06:49:14.637020
2589,2587,0,6000,0,0,0,0,0,6000,2026-04-03 06:49:14.637020
2590,2588,0,1200,0,0,0,0,0,1200,2026-04-03 06:49:14.637020
2591,2589,0,3200,0,0,0,0,0,3200,2026-04-03 06:49:14.652764
2592,2590,0,5200,0,0,0,0,0,5200,2026-04-03 06:49:14.652764
2593,2591,0,4000,0,0,0,0,0,4000,2026-04-03 06:49:14.659902
2594,2592,0,4000,0,0,0,0,0,4000,2026-04-03 06:49:14.659902
2595,2593,0,2400,0,0,0,0,0,2400,2026-04-03 06:49:14.668437
2596,2594,0,400,0,0,0,0,0,400,2026-04-03 06:49:14.670627
2597,2595,0,4000,0,0,0,0,0,4000,2026-04-03 06:49:14.670627
2598,2596,0,2000,0,0,0,0,0,2000,2026-04-03 06:49:14.670627
2599,2597,0,9200,0,0,0,0,0,9200,2026-04-03 06:49:14.684253
2600,2598,0,4800,0,0,0,0,0,4800,2026-04-03 06:49:14.684253
2601,2599,0,5200,0,0,0,0,0,5200,2026-04-03 06:49:14.684253
2602,2600,0,1600,0,0,0,0,0,1600,2026-04-03 06:49:14.700262
2603,2601,0,0,0,0,0,0,0,0,2026-04-03 06:49:14.700262
2604,2602,0,2000,0,0,0,0,0,2000,2026-04-03 06:49:14.700262
2605,2603,0,2500,0,0,0,0,0,2500,2026-04-03 06:49:14.710085
2606,2604,0,5000,0,0,0,0,0,5000,2026-04-03 06:49:14.710085
2607,2605,0,4000,0,0,0,0,0,4000,2026-04-03 06:49:14.717464
2608,2606,0,9300,0,0,0,0,0,9300,2026-04-03 06:49:14.717464
2609,2607,0,2400,0,0,0,0,0,2400,2026-04-03 06:49:14.717464
2610,2608,0,900,0,0,0,0,0,900,2026-04-03 06:49:14.732211
2611,2609,0,0,0,0,0,0,0,0,2026-04-03 06:49:14.732211
2612,2610,0,6500,0,0,0,0,0,6500,2026-04-03 06:49:14.732211
2613,2611,0,5000,0,0,0,0,0,5000,2026-04-03 06:49:14.748333
2614,2612,0,10800,0,0,0,0,0,10800,2026-04-03 06:49:14.748333
2615,2613,0,17400,0,0,0,0,0,17400,2026-04-03 06:49:14.748333
2616,2614,0,3600,0,0,0,0,0,3600,2026-04-03 06:49:14.748333
2617,2615,0,6800,0,0,0,0,0,6800,2026-04-03 06:49:14.764071
2618,2616,0,4900,0,0,0,0,0,4900,2026-04-03 06:49:14.771311
2619,2617,0,0,0,0,0,0,0,0,2026-04-03 06:49:14.771311
2620,2618,0,0,0,0,0,0,0,0,2026-04-03 06:49:14.780101
2621,2619,0,0,0,0,0,0,0,0,2026-04-03 06:49:14.780101
2622,2620,0,4900,0,0,0,0,0,4900,2026-04-03 06:49:14.780101
2623,2621,0,5000,0,0,0,0,0,5000,2026-04-03 06:49:14.780101
2624,2622,0,21100,8000,0,0,0,0,29100,2026-04-03 06:49:14.796052
2625,2623,0,2500,0,0,0,0,0,2500,2026-04-03 06:49:14.796052
2626,2624,0,0,0,0,0,0,0,0,2026-04-03 06:49:14.796052
2627,2625,0,9500,3000,0,0,0,0,12500,2026-04-03 06:49:14.796052
2628,2626,0,9500,0,0,0,0,0,9500,2026-04-03 06:49:14.812153
2629,2627,0,7500,0,0,0,0,0,7500,2026-04-03 06:49:14.816789
2630,2628,0,6800,0,0,0,0,0,6800,2026-04-03 06:49:14.820817
2631,2629,0,2800,0,0,0,0,0,2800,2026-04-03 06:49:14.822831
2632,2630,0,4500,0,0,0,0,0,4500,2026-04-03 06:49:14.827872
2633,2631,0,7000,0,0,0,0,0,7000,2026-04-03 06:49:14.831900
2634,2632,0,6500,0,0,0,0,0,6500,2026-04-03 06:49:14.833913
2635,2633,0,7500,0,0,0,0,0,7500,2026-04-03 06:49:14.837940
2636,2634,0,15300,0,0,0,0,0,15300,2026-04-03 06:49:14.841967
2637,2635,0,4500,0,0,0,0,0,4500,2026-04-03 06:49:14.845738
2638,2636,0,1200,0,0,0,0,0,1200,2026-04-03 06:49:14.849766
2639,2637,0,400,0,0,0,0,0,400,2026-04-03 06:49:14.853794
2640,2638,0,0,0,0,0,0,0,0,2026-04-03 06:49:14.857823
2641,2639,0,8500,0,0,0,0,0,8500,2026-04-03 06:49:14.861594
2642,2640,0,20300,2300,0,0,0,0,22600,2026-04-03 06:49:14.865623
2643,2641,0,7000,0,0,0,0,0,7000,2026-04-03 06:49:14.867637
2644,2642,0,19300,2300,0,0,0,0,21600,2026-04-03 06:49:14.871665
2645,2643,0,18500,7400,0,0,0,0,25900,2026-04-03 06:49:14.875434
2646,2644,0,13200,2100,0,0,0,0,15300,2026-04-03 06:49:14.879463
2647,2645,0,3500,0,0,0,0,0,3500,2026-04-03 06:49:14.883489
2648,2646,0,2600,0,0,0,0,0,2600,2026-04-03 06:49:14.887518
2649,2647,0,0,0,0,0,0,0,0,2026-04-03 06:49:14.891288
2650,2648,0,2500,0,0,0,0,0,2500,2026-04-03 06:49:14.891288
2651,2649,0,6000,0,0,0,0,0,6000,2026-04-03 06:49:14.891288
2652,2650,0,5500,0,0,0,0,0,5500,2026-04-03 06:49:14.891288
2653,2651,0,11000,0,0,0,0,0,11000,2026-04-03 06:49:14.891288
2654,2652,0,3000,0,0,0,0,0,3000,2026-04-03 06:49:14.912072
2655,2653,0,1500,0,0,0,0,0,1500,2026-04-03 06:49:14.912072
2656,2654,0,0,0,0,0,0,0,0,2026-04-03 06:49:14.912072
2657,2655,0,12000,1500,0,0,0,0,13500,2026-04-03 06:49:14.923263
2658,2656,0,2000,0,0,0,0,0,2000,2026-04-03 06:49:14.923263
2659,2657,0,2500,0,0,0,0,0,2500,2026-04-03 06:49:14.923263
2660,2658,0,12800,0,0,0,0,0,12800,2026-04-03 06:49:14.939374
2661,2659,0,19600,4500,0,0,0,0,24100,2026-04-03 06:49:14.939374
2662,2660,0,7600,0,0,0,0,0,7600,2026-04-03 06:49:14.939374
2663,2661,0,11300,0,0,0,0,0,11300,2026-04-03 06:49:14.939374
2664,2662,0,9800,0,0,0,0,0,9800,2026-04-03 06:49:14.955444
2665,2663,0,4300,0,0,0,0,0,4300,2026-04-03 06:49:14.958082
2666,2664,0,800,0,0,0,0,0,800,2026-04-03 06:49:14.962670
2667,2665,0,1900,1500,0,0,0,0,3400,2026-04-03 06:49:14.962670
2668,2666,0,9500,0,0,0,0,0,9500,2026-04-03 06:49:14.971299
2669,2667,0,7500,0,0,0,0,0,7500,2026-04-03 06:49:14.971299
2670,2668,0,8500,0,0,0,0,0,8500,2026-04-03 06:49:14.971299
2671,2669,0,9400,0,0,0,0,0,9400,2026-04-03 06:49:14.971299
2672,2670,0,4400,0,0,0,0,0,4400,2026-04-03 06:49:14.987034
2673,2671,0,7600,0,0,0,0,0,7600,2026-04-03 06:49:14.991779
2674,2672,0,2100,0,0,0,0,0,2100,2026-04-03 06:49:14.995807
2675,2673,0,0,0,0,0,0,0,0,2026-04-03 06:49:14.999835
2676,2674,0,0,0,0,0,0,0,0,2026-04-03 06:49:15.002864
2677,2675,0,0,0,0,0,0,0,0,2026-04-03 06:49:15.006898
2678,2676,0,8000,0,0,0,0,0,8000,2026-04-03 06:49:15.010927
2679,2677,0,0,0,0,0,0,0,0,2026-04-03 06:49:15.014955
2680,2678,0,7000,1500,0,0,0,0,8500,2026-04-03 06:49:15.018726
2681,2679,0,6900,0,0,0,0,0,6900,2026-04-03 06:49:15.018726
2682,2680,0,22500,9500,0,0,0,0,32000,2026-04-03 06:49:15.018726
2683,2681,0,6500,0,0,0,0,0,6500,2026-04-03 06:49:15.018726
2684,2682,0,10500,7500,0,0,0,0,18000,2026-04-03 06:49:15.034811
2685,2683,0,0,0,0,0,0,0,0,2026-04-03 06:49:15.034811
2686,2684,0,0,0,0,0,0,0,0,2026-04-03 06:49:15.034811
2687,2685,0,0,0,0,0,0,0,0,2026-04-03 06:49:15.050928
2688,2686,0,0,0,0,0,0,0,0,2026-04-03 06:49:15.050928
2689,2687,0,16500,5000,0,0,0,0,21500,2026-04-03 06:49:15.050928
2690,2688,0,2400,0,0,0,0,0,2400,2026-04-03 06:49:15.063501
2691,2689,0,2800,0,0,0,0,0,2800,2026-04-03 06:49:15.069810
2692,2690,0,6400,0,0,0,0,0,6400,2026-04-03 06:49:15.069810
2693,2691,0,12500,2300,0,0,0,0,14800,2026-04-03 06:49:15.069810
2694,2692,0,12000,2300,0,0,0,0,14300,2026-04-03 06:49:15.069810
2695,2693,0,5500,0,0,0,0,0,5500,2026-04-03 06:49:15.082904
2696,2694,0,5200,0,0,0,0,0,5200,2026-04-03 06:49:15.082904
2697,2695,0,2800,0,0,0,0,0,2800,2026-04-03 06:49:15.082904
2698,2696,0,800,0,0,0,0,0,800,2026-04-03 06:49:15.082904
2699,2697,0,13500,0,0,0,0,0,13500,2026-04-03 06:49:15.098897
2700,2698,0,5200,0,0,0,0,0,5200,2026-04-03 06:49:15.102994
2701,2699,0,3700,0,0,0,0,0,3700,2026-04-03 06:49:15.107023
2702,2700,0,19700,0,0,0,0,0,19700,2026-04-03 06:49:15.111051
2703,2701,0,10800,0,0,0,0,0,10800,2026-04-03 06:49:15.114080
2704,2702,0,2100,0,0,0,0,0,2100,2026-04-03 06:49:15.120122
